TimeSinceStartup,Lhand_xPos,Lhand_yPos,Lhand_zPos,Lhand_wQuat,Lhand_xQuat,Lhand_yQuat,Lhand_zQuat,Lhandxrot,Lhandyrot,Lhandzrot,Rhand_xPos,Rhand_yPos,Rhand_zPos,Rhand_wQuat,Rhand_xQuat,Rhand_yQuat,Rhand_zQuat,Rhandxrot,Rhandyrot,Rhandzrot,HMD_xPos,HMD_yPos,HMD_zPos,HMD_wQuat,HMD_xQuat,HMD_yQuat,HMD_zQuat,HMDxrot,HMDyrot,HMDzrot,lshoulder_xPos,lshoulder_yPos,lshoulder_zPos,lshoulder_wQuat,lshoulder_xQuat,lshoulder_yQuat,lshoulder_zQuat,lshoulder_xrot,lshoulder_yrot,lshoulder_zrot,rshoulder_xPos,rshoulder_yPos,rshoulder_zPos,rshoulder_wQuat,rshoulder_xQuat,rshoulder_yQuat,rshoulder_zQuat,rshoulder_xrot,rshoulder_yrot,rshoulder_zrot
0,1.25,1,-1.64,0,0,1,0,0,180,0,0.75,1,-1.64,0,0,1,0,0,180,0,1.026973,0.9123815,-2.344013,0.1063225,-0.002935773,0.9943042,-0.006798299,0.7388426,167.7903,359.5826,1,0,-1.64,0,0,1,0,0,180,0,1,0,-1.64,0,0,1,0,0,180,0
0.0745448,1.620677,0.8667961,-2.415817,0.1304265,-0.04384786,0.9854567,0.09970672,347.9977,165.2937,356.4591,1,0,-1.64,0,0,1,0,0,180,0,1.022478,0.9118015,-2.340756,0.105101,-0.003843711,0.9944186,-0.008418173,0.9130136,167.9292,359.4605,2.020312,0.8124842,-2.238458,0.07649081,-0.1040753,0.702087,0.7002795,272.2398,258.9141,266.4121,1.874783,0.8145759,-2.242873,0.1067417,-0.118358,0.6763294,0.7191496,273.5956,335.6588,186.0148
0.1822364,1.621614,0.8672356,-2.415501,0.1304009,-0.04380259,0.9854638,0.09968987,348.0004,165.2961,356.4637,1,0,-1.64,0,0,1,0,0,180,0,1.020492,0.9132221,-2.340404,0.1048168,-0.004931527,0.9944341,-0.009492006,1.022471,167.9601,359.3239,2.020263,0.8123187,-2.238333,0.07666647,-0.1039181,0.702081,0.7002896,272.213,258.9014,266.4234,1.874134,0.8145862,-2.24293,0.1063679,-0.1180646,0.6760344,0.7195305,273.6502,335.8124,185.9156
0.4410489,1.621984,0.8675861,-2.415273,0.1305524,-0.04394634,0.9854293,0.09976924,347.9886,165.2801,356.4501,1,0,-1.64,0,0,1,0,0,180,0,1.018688,0.9140499,-2.339639,0.104352,-0.005068949,0.9944804,-0.009681678,1.042759,168.0133,359.3065,2.020199,0.8121222,-2.23839,0.07658718,-0.1042935,0.7022443,0.7000787,272.252,258.181,267.1194,1.873988,0.8142684,-2.242975,0.1065027,-0.118205,0.6759218,0.7195933,273.6641,335.8521,185.8533
0.5479147,1.623355,0.8680467,-2.414908,0.1304677,-0.04367652,0.985465,0.09964545,348.0071,165.2867,356.4785,1.524915,0.8700293,-2.446463,-0.002221053,-0.08465323,0.9899603,0.1131703,347.074,181.385,350.068,1.020376,0.9150902,-2.341277,0.105404,-0.00267054,0.9943972,-0.007564712,0.8297684,167.8959,359.6043,2.020004,0.8124156,-2.238273,0.07673373,-0.1043243,0.7022332,0.7000693,272.2424,258.1586,267.1274,1.874064,0.8143348,-2.24286,0.1070135,-0.1180686,0.676,0.7194665,273.6346,336.5676,185.1071
0.6585451,1.622488,0.8675041,-2.415154,0.1303724,-0.043709,0.9854674,0.09973288,347.9969,165.2984,356.4748,1.520745,0.868596,-2.448041,-0.001239896,-0.08367432,0.9898917,0.1145056,346.9096,181.2717,350.1908,1.018679,0.914366,-2.339941,0.1050772,-0.00421462,0.9944164,-0.008780274,0.9498228,167.9313,359.4139,2.019761,0.8122786,-2.238345,0.07681229,-0.1043397,0.7021061,0.7001858,272.2361,258.6486,266.6297,1.87405,0.8144454,-2.243187,0.1072426,-0.1181689,0.6761007,0.7193212,273.6128,336.6366,185.0112
0.7588319,1.622821,0.867782,-2.414977,0.1306137,-0.04377154,0.9854073,0.09998302,347.9666,165.2709,356.4742,1.523912,0.8698568,-2.446675,-0.002294093,-0.08449115,0.9898947,0.1138616,346.9951,181.3986,350.0834,1.018015,0.9148995,-2.340033,0.1050853,-0.003578787,0.9944219,-0.008334218,0.9066464,167.9313,359.4918,2.019997,0.8123391,-2.238318,0.07703871,-0.10421,0.7021342,0.700152,272.2076,258.4629,266.8076,1.874066,0.8141114,-2.242782,0.1071915,-0.1181783,0.6761219,0.7193074,273.6113,336.5519,185.0993
0.8698178,1.623598,0.8682501,-2.414629,0.1304418,-0.04387175,0.9854221,0.1000177,347.9617,165.2923,356.4609,1.523538,0.8695911,-2.446833,-0.002788983,-0.08417539,0.9899228,0.1138404,347.002,181.4518,350.114,1.01989,0.9148041,-2.340546,0.1058667,-0.001151958,0.9943588,-0.006447221,0.7206736,167.8442,359.7905,2.020075,0.8124599,-2.23828,0.07696988,-0.1045682,0.7020599,0.7001808,272.2416,258.7283,266.5184,1.873852,0.8144171,-2.243046,0.106978,-0.1178451,0.6758404,0.7196582,273.6587,336.9193,184.7766
0.9811802,1.624236,0.8685594,-2.414356,0.1304282,-0.04391568,0.9854208,0.1000294,347.9598,165.2944,356.4559,1,0,-1.64,0,0,1,0,0,180,0,1.017844,0.9142241,-2.3397,0.1052465,-0.002212622,0.9944155,-0.007497082,0.8276485,167.9144,359.6574,2.019987,0.8126468,-2.238306,0.0767891,-0.1046563,0.7021171,0.70013,272.2639,258.5486,266.7056,1.873879,0.8142291,-2.242827,0.1070124,-0.1179666,0.6758021,0.7196692,273.6642,336.8207,184.8623
1.091974,1.624308,0.8686031,-2.414416,0.130508,-0.04399103,0.9854394,0.09970821,347.9951,165.2858,356.4435,1,0,-1.64,0,0,1,0,0,180,0,1.016575,0.9141797,-2.338136,0.1048336,-0.003160256,0.9944489,-0.008449816,0.9249784,167.9606,359.5383,2.020257,0.8126022,-2.238283,0.07700283,-0.1042066,0.702107,0.7001837,272.2097,258.5928,266.6808,1.873718,0.8142393,-2.24292,0.1067217,-0.1179453,0.6756591,0.7198501,273.6951,336.6037,185.1048
1.196919,1.62325,0.868005,-2.414758,0.1305422,-0.04402865,0.9854128,0.09990918,347.9715,165.2823,356.4425,1,0,-1.64,0,0,1,0,0,180,0,1.016437,0.914602,-2.338926,0.1050614,-0.002322532,0.9944317,-0.00789797,0.8720735,167.9354,359.6402,2.019242,0.8131549,-2.237718,0.07713279,-0.1040467,0.7024873,0.6998117,272.1917,256.9608,268.3154,1.873929,0.8142852,-2.242883,0.1070445,-0.1180904,0.6757246,0.7197169,273.6759,336.7403,184.9299
1.297505,1.623711,0.8683581,-2.414619,0.1305396,-0.04400016,0.9854292,0.09976283,347.9886,165.2822,356.4437,1,0,-1.64,0,0,1,0,0,180,0,1.017887,0.9153912,-2.34011,0.105411,-0.001458838,0.9944012,-0.007268978,0.8107053,167.8962,359.7459,2.018572,0.812804,-2.237801,0.07726941,-0.1038664,0.7027091,0.6996007,272.1697,255.974,269.3058,1.873718,0.8144244,-2.24287,0.1069154,-0.1178741,0.67555,0.7199354,273.7051,336.9803,184.7181
1.407799,1.62338,0.8682964,-2.414674,0.1305508,-0.04389687,0.9854356,0.09973068,347.9938,165.2796,356.4553,1,0,-1.64,0,0,1,0,0,180,0,1.017767,0.9137564,-2.338338,0.1053464,-0.001279826,0.9944088,-0.007192512,0.8041695,167.9038,359.7673,2.018307,0.8126356,-2.237847,0.07714345,-0.1041389,0.7025597,0.6997241,272.1995,256.6375,268.6302,1.873922,0.8143578,-2.242901,0.1072036,-0.1180837,0.6758522,0.7195745,273.6514,336.8549,184.8029
1.508103,1.623238,0.8678714,-2.414993,0.1304844,-0.04391365,0.985459,0.09957916,348.0111,165.2876,356.4503,1,0,-1.64,0,0,1,0,0,180,0,1.01544,0.9134175,-2.337677,0.1048992,-0.001767404,0.9944511,-0.00774891,0.8618198,167.9547,359.7054,2.0179,0.8124946,-2.237851,0.0771042,-0.1042879,0.702512,0.6997541,272.2142,256.8362,268.4225,1.873927,0.8143678,-2.242922,0.1073731,-0.1181141,0.6761323,0.7192811,273.6036,336.8423,184.7993
1.618784,1.62413,0.8684353,-2.414581,0.1301917,-0.0437327,0.9855168,0.09946941,348.0273,165.3197,356.4661,1,0,-1.64,0,0,1,0,0,180,0,1.014782,0.9150143,-2.338457,0.1049233,-0.001405834,0.99445,-0.00763964,0.8537084,167.9523,359.7479,2.017548,0.813307,-2.237248,0.07725874,-0.1040716,0.7026234,0.6996574,272.186,256.3196,268.9442,1.873732,0.8142933,-2.242857,0.1075883,-0.1180236,0.6761179,0.7192773,273.5985,337.2233,184.4081
1.730009,1.624186,0.868511,-2.414536,0.1302995,-0.04389425,0.9855101,0.09932458,348.0411,165.3089,356.4467,1,0,-1.64,0,0,1,0,0,180,0,1.016913,0.9156123,-2.339643,0.1056443,0.0003115317,0.9943838,-0.006336223,0.7257907,167.8709,359.9588,2.016932,0.8129742,-2.23742,0.07730931,-0.1044252,0.7026958,0.6995264,272.2122,255.9487,269.2821,1.873545,0.814302,-2.242941,0.1074802,-0.1178124,0.6758156,0.7196121,273.6467,337.5545,184.1029
1.841135,1.61915,0.8665711,-2.41634,0.1306428,-0.04421971,0.9854423,0.09940103,348.0263,165.2725,356.4143,1,0,-1.64,0,0,1,0,0,180,0,1.017299,0.9142165,-2.338979,0.1058122,0.0005190604,0.9943659,-0.006331976,0.7278162,167.8517,359.9824,2.016923,0.8128981,-2.237346,0.07754522,-0.1043547,0.7027401,0.6994664,272.1886,255.6468,269.5705,1.873761,0.8143846,-2.242814,0.1074966,-0.1178479,0.6759123,0.7195131,273.6316,337.4712,184.1821
1.952085,1.613391,0.8633261,-2.419018,0.1312089,-0.04430563,0.9853699,0.09933463,348.0306,165.207,356.4104,1,0,-1.64,0,0,1,0,0,180,0,1.017271,0.9147028,-2.33979,0.1059146,0.0009445513,0.9943567,-0.005998369,0.6949644,167.8403,0.03482762,2.015872,0.8128515,-2.236927,0.07753684,-0.1042729,0.702604,0.6996162,272.1801,256.2359,268.9888,1.87343,0.8140635,-2.242777,0.1074533,-0.1176286,0.6756489,0.7198026,273.6721,337.8599,183.8147
2.063252,1.61433,0.8644516,-2.418644,0.1305903,-0.04468765,0.9854375,0.09930908,348.0301,165.2842,356.3583,1,0,-1.64,0,0,1,0,0,180,0,1.017866,0.9118643,-2.336675,0.1054073,0.0003547004,0.9944084,-0.006423119,0.7362242,167.8983,359.9628,2.013416,0.8131989,-2.236126,0.07763268,-0.1038106,0.7021815,0.7000983,272.1278,258.0773,267.1774,1.873174,0.8140178,-2.242907,0.107159,-0.1175559,0.6755463,0.7199547,273.6964,337.6755,184.0291
2.174041,1.616839,0.8646953,-2.417243,0.1305337,-0.04432697,0.9854385,0.09953461,348.0099,165.2867,356.4025,1,0,-1.64,0,0,1,0,0,180,0,1.017547,0.9135396,-2.338748,0.1054896,0.0002338891,0.9943988,-0.006562985,0.7506991,167.8886,359.9473,2.012053,0.8133549,-2.235587,0.07771092,-0.1032206,0.7018867,0.7004724,272.0702,259.4749,265.8218,1.877272,0.8163414,-2.238893,0.1062811,-0.1180879,0.6760377,0.7195364,273.6527,335.6808,186.0524
2.285328,1.621005,0.8667846,-2.415729,0.1304159,-0.04397378,0.9854611,0.09962121,348.0056,165.2964,356.4431,1,0,-1.64,0,0,1,0,0,180,0,1.01541,0.9131865,-2.337971,0.1048574,-0.001659024,0.9944518,-0.008244209,0.9195803,167.9594,359.7119,2.012091,0.8135549,-2.235365,0.07767432,-0.1035188,0.7019773,0.7003416,272.0984,259.0163,266.259,1.875222,0.8155689,-2.239684,0.1065142,-0.1182385,0.6760508,0.7194648,273.6444,335.7383,185.9635
2.396257,1.622713,0.8679013,-2.415014,0.130458,-0.04392515,0.9854613,0.09958594,348.0102,165.2908,356.4488,1,0,-1.64,0,0,1,0,0,180,0,1.014273,0.9140282,-2.337202,0.1043813,-0.001724406,0.994499,-0.008560424,0.9549744,168.014,359.701,2.012306,0.8136593,-2.235348,0.07761174,-0.1037012,0.7019525,0.7003465,272.1182,259.1102,266.1552,1.869662,0.8121569,-2.242766,0.1069536,-0.1181417,0.6767296,0.7187772,273.5261,335.937,185.7373
2.496813,1.623612,0.8682147,-2.414673,0.1303934,-0.04396187,0.9854692,0.09957694,348.011,165.2988,356.4436,1,0,-1.64,0,0,1,0,0,180,0,1.014343,0.9148741,-2.337903,0.1047037,-0.0007127343,0.9944715,-0.007939297,0.8962317,167.978,359.8235,2.011991,0.8135623,-2.235351,0.07744203,-0.1039776,0.7019702,0.7003065,272.1543,259.0409,266.2157,1.872535,0.8136922,-2.24244,0.1073109,-0.118142,0.6767334,0.7187203,273.5141,336.3576,185.2874
2.60722,1.624241,0.8684271,-2.414488,0.1303732,-0.04389859,0.985468,0.09964202,348.0045,165.3005,356.4516,1,0,-1.64,0,0,1,0,0,180,0,1.015035,0.9145886,-2.337588,0.1049271,-6.197017E-05,0.9944512,-0.007556994,0.8604499,167.953,359.9021,2.011909,0.8135888,-2.235306,0.07756728,-0.1038065,0.7019532,0.7003351,272.1302,259.1015,266.1588,1.872848,0.8140678,-2.242671,0.1067467,-0.1185202,0.6769906,0.7184997,273.4967,334.9948,186.6655
2.718585,1.624073,0.8683715,-2.414558,0.1302919,-0.04386904,0.9854661,0.09978026,347.9894,165.3098,356.456,1,0,-1.64,0,0,1,0,0,180,0,1.011095,0.9137709,-2.335191,0.1034398,-0.003097957,0.9945809,-0.009974228,1.100115,168.1203,359.5286,2.011092,0.8132073,-2.235685,0.07757004,-0.1039784,0.7020082,0.7002541,272.1446,258.8229,266.4232,1.872908,0.8144062,-2.242718,0.1078199,-0.1202944,0.6768275,0.7181982,273.5017,333.9335,187.4929
2.829958,1.624071,0.8686131,-2.414477,0.1301351,-0.04380986,0.9855197,0.09948118,348.0251,165.3273,356.4566,1,0,-1.64,0,0,1,0,0,180,0,1.010368,0.9170856,-2.337891,0.1039972,-0.001309286,0.9945374,-0.008852072,0.9932783,168.0585,359.7453,2.010441,0.8134868,-2.235406,0.07741518,-0.1039419,0.7015637,0.700722,272.1507,260.8137,264.4481,1.872633,0.8141261,-2.242488,0.1082514,-0.1197575,0.6763605,0.7186628,273.5528,335.5013,185.9335
2.940378,1.638291,0.8750083,-2.407249,0.1294467,-0.04624603,0.9842649,0.1110292,346.6713,165.4444,356.3296,1,0,-1.64,0,0,1,0,0,180,0,1.013212,0.9164495,-2.337801,0.1048008,0.001103951,0.9944676,-0.007066037,0.8185141,167.9686,0.04094972,2.009169,0.8133993,-2.234934,0.07743918,-0.1035568,0.7011788,0.7011616,272.1163,262.6079,262.6834,1.872622,0.8141715,-2.242574,0.1079427,-0.1192856,0.6763054,0.7188396,273.5675,335.8174,185.6814
3.040581,1.632902,0.8726277,-2.410109,0.1299933,-0.04595889,0.9844922,0.1084647,346.9669,165.3752,356.334,1,0,-1.64,0,0,1,0,0,180,0,1.013048,0.9135569,-2.335339,0.1044943,0.0002500528,0.994496,-0.007654931,0.8753906,168.0031,359.9368,2.002426,0.8107982,-2.235611,0.07752479,-0.1032193,0.6999716,0.7024069,272.0914,268.0701,257.2418,1.872888,0.8145263,-2.242697,0.117166,-0.122803,0.676949,0.7161924,273.2129,342.0526,178.4008
3.151733,1.628475,0.8706639,-2.411767,0.1301351,-0.04597265,0.9846677,0.1066813,347.1702,165.3578,356.3089,1,0,-1.64,0,0,1,0,0,180,0,1.010701,0.9144484,-2.335062,0.1041013,-0.001195686,0.994526,-0.008920373,1.002392,168.0466,359.7573,1.996897,0.8113714,-2.232553,0.07712844,-0.1027312,0.6980353,0.7044461,272.1387,276.7496,248.6346,1.87237,0.8145095,-2.242517,0.1222771,-0.1128619,0.6823246,0.7118592,272.512,8.108274,152.7452
3.263223,1.624701,0.8688892,-2.413875,0.1305354,-0.04534373,0.9848456,0.1048029,347.3927,165.3018,356.3603,1,0,-1.64,0,0,1,0,0,180,0,1.009716,0.9162635,-2.335927,0.1040942,-0.001228638,0.9945269,-0.00890252,0.9999654,168.0474,359.7538,1.987274,0.8113698,-2.229192,0.07683806,-0.1021937,0.6987154,0.7038814,272.0969,274.2418,251.21,1.871215,0.8146772,-2.241649,0.1253424,-0.1000903,0.6868237,0.7089036,272.7184,39.65932,121.9907
3.373632,1.621494,0.8670648,-2.415282,0.130609,-0.04512084,0.9849638,0.1036903,347.5229,165.2898,356.3711,1,0,-1.64,0,0,1,0,0,180,0,1.00847,0.9145398,-2.332989,0.1032804,-0.003258813,0.9945903,-0.01061162,1.170938,168.138,359.5029,1.987835,0.8145764,-2.226941,0.07594473,-0.1020755,0.7033781,0.6993371,272.1426,253.9763,271.5581,1.868167,0.8212242,-2.23893,0.1399509,-0.07813123,0.6961172,0.6998072,275.0197,77.70463,84.53655
3.47452,1.620213,0.8663743,-2.415654,0.1306603,-0.04481491,0.9850293,0.1031344,347.5908,165.2797,356.3992,1,0,-1.64,0,0,1,0,0,180,0,1.005144,0.9153281,-2.332563,0.1023751,-0.00472487,0.9946625,-0.01198593,1.31084,168.2393,359.3206,1.984794,0.8123948,-2.226618,0.07627174,-0.1024628,0.7034045,0.6992182,272.1492,253.6568,271.8192,1.866867,0.8359207,-2.238757,0.1327752,-0.08756565,0.6934308,0.7027494,273.7409,69.38512,92.67834
3.584879,1.619173,0.8659947,-2.416337,0.1306167,-0.04445068,0.9851388,0.1022981,347.692,165.2799,356.4288,1,0,-1.64,0,0,1,0,0,180,0,1.006139,0.9168595,-2.333457,0.1029599,-0.002612775,0.994626,-0.01055738,1.172541,168.1757,359.5775,1.990828,0.8126965,-2.22822,0.07600652,-0.1026769,0.7071967,0.6953799,272.3639,238.8433,286.6364,1.861821,0.8619425,-2.24048,0.1249421,-0.08954021,0.6885204,0.7087396,273.3038,51.54095,111.0053
3.695933,1.619867,0.8664146,-2.416004,0.1308004,-0.04426882,0.9851899,0.1016485,347.7682,165.2558,356.4429,1,0,-1.64,0,0,1,0,0,180,0,1.009124,0.9181554,-2.336111,0.104485,0.0007400546,0.9944928,-0.008155845,0.9383467,168.0045,359.9867,1.990185,0.8147572,-2.228521,0.07655986,-0.1021902,0.7069796,0.6956117,272.2719,238.8183,286.6561,1.854445,0.8957864,-2.240855,0.1234186,-0.08159171,0.6851289,0.7132384,274.0842,47.75665,115.5623
3.806787,1.620608,0.8666503,-2.415792,0.1306919,-0.04430117,0.9852201,0.1014813,347.7873,165.2688,356.4354,1,0,-1.64,0,0,1,0,0,180,0,1.010555,0.9150457,-2.334074,0.1046161,0.0009967613,0.9944822,-0.007731242,0.8930321,167.9897,0.02090964,1.989691,0.8153856,-2.228872,0.07645961,-0.1020752,0.7063323,0.6962969,272.2293,241.3524,284.1398,1.850584,0.9365031,-2.237409,0.125088,-0.07964459,0.6815861,0.7165543,274.6473,44.09143,119.2471
3.906803,1.621051,0.8668749,-2.415574,0.1307167,-0.04415268,0.9852505,0.1012186,347.8194,165.264,356.4491,1,0,-1.64,0,0,1,0,0,180,0,1.009762,0.915472,-2.335746,0.1049654,0.001731749,0.9944501,-0.00695791,0.8137498,167.9501,0.1136631,1.988645,0.8150558,-2.228709,0.07610658,-0.1025865,0.706079,0.6965172,272.281,242.8851,282.5939,1.849507,0.9769176,-2.23223,0.1214747,-0.08348774,0.6785828,0.7195827,274.53,34.47574,128.8447
4.017898,1.620934,0.8669657,-2.415691,0.1303753,-0.04415075,0.985311,0.1010706,347.8376,165.304,356.4429,1,0,-1.64,0,0,1,0,0,180,0,1.006606,0.9135123,-2.331794,0.1031362,-0.001272774,0.9946204,-0.009575871,1.076432,168.1574,359.7417,1.988623,0.8154408,-2.22862,0.07576727,-0.1028617,0.7057276,0.6968697,272.3099,244.6382,280.846,1.849154,1.023984,-2.226846,0.1144815,-0.08448562,0.6726045,0.7261952,274.9778,21.14116,142.6678
4.128697,1.620969,0.8668593,-2.415622,0.1304932,-0.04413048,0.9852847,0.101183,347.8246,165.29,356.4484,1,0,-1.64,0,0,1,0,0,180,0,1.006783,0.9165664,-2.334987,0.1036966,0.0002291588,0.9945735,-0.008403716,0.9605372,168.0948,359.9262,1.988127,0.8154532,-2.2284,0.07563488,-0.1027635,0.7057978,0.6968275,272.3154,244.4546,281.0485,1.845065,1.066007,-2.223723,0.1076104,-0.07557104,0.6676342,0.7327848,275.8854,18.7345,146.361
4.239849,1.622429,0.867549,-2.415177,0.1305901,-0.04398506,0.9852979,0.1009936,347.848,165.2767,356.4637,1,0,-1.64,0,0,1,0,0,180,0,1.007364,0.9149202,-2.332561,0.1033605,-0.0004781503,0.9946011,-0.009220332,1.045263,168.1326,359.8363,1.988989,0.8158145,-2.228774,0.07594859,-0.1026747,0.7052026,0.6974089,272.2558,246.4848,279,1.841017,1.102118,-2.222864,0.1013709,-0.06530907,0.6607303,0.7408739,277.1256,17.44425,148.9921
4.350854,1.62397,0.868383,-2.414746,0.1303755,-0.04381053,0.9853649,0.1006928,347.8857,165.2997,356.4769,1,0,-1.64,0,0,1,0,0,180,0,1.007085,0.9169578,-2.334736,0.1038213,0.0004638766,0.9945602,-0.008423455,0.9655705,168.0807,359.9526,1.988896,0.8156211,-2.228816,0.07574183,-0.1031655,0.7049047,0.6976599,272.2985,247.9324,277.5291,1.834856,1.128933,-2.222468,0.1010871,-0.0504313,0.6491546,0.752221,279.3157,20.00261,147.6555
4.4621,1.623058,0.8678641,-2.415035,0.1304519,-0.04375018,0.9853834,0.1004383,347.9154,165.2899,356.4812,1,0,-1.64,0,0,1,0,0,180,0,1.008187,0.916288,-2.334273,0.1044032,0.001632914,0.9945051,-0.007550666,0.8800582,168.0148,0.09576723,1.989459,0.8157948,-2.229023,0.07598608,-0.1032778,0.7045206,0.6980047,272.2737,249.2883,276.1441,1.831792,1.141775,-2.221614,0.09764244,-0.0470864,0.6443115,0.7570412,280.0236,18.25839,149.9487
4.572954,1.622554,0.86774,-2.415154,0.1305066,-0.04373925,0.9853778,0.1004264,347.9168,165.2833,356.4829,1,0,-1.64,0,0,1,0,0,180,0,1.00873,0.9160538,-2.334763,0.1043886,0.001675308,0.9945058,-0.007645304,0.89135,168.0165,0.09947988,1.987684,0.815352,-2.228145,0.07520899,-0.1031411,0.7054695,0.6971501,272.3617,246.1675,279.3394,1.832978,1.140573,-2.221979,0.09619826,-0.04686602,0.6472109,0.7547632,279.599,18.81346,149.5334
4.673465,1.62211,0.8674417,-2.415259,0.1304357,-0.04372492,0.9853634,0.1006662,347.8898,165.2916,356.4872,1,0,-1.64,0,0,1,0,0,180,0,1.009065,0.9163351,-2.335574,0.1046633,0.002732561,0.9944797,-0.006954559,0.825336,167.9858,0.2280143,1.986843,0.8152025,-2.227638,0.07457449,-0.1032192,0.7060722,0.6965964,272.4449,244.4716,281.0805,1.835712,1.13494,-2.223652,0.09563997,-0.04975814,0.6514736,0.7509722,278.887,18.8369,149.3251
4.784356,1.623841,0.8682186,-2.414587,0.1303223,-0.04368333,0.9854163,0.100313,347.9312,165.3042,356.4855,1,0,-1.64,0,0,1,0,0,180,0,1.00986,0.9151003,-2.334943,0.1046968,0.002957747,0.9944766,-0.006800385,0.8104747,167.9821,0.2555004,1.986452,0.815721,-2.227806,0.07478008,-0.1030279,0.7063711,0.6962996,272.4301,243.1521,282.3989,1.839729,1.120765,-2.225507,0.08834548,-0.06292444,0.6628895,0.7408192,276.6457,11.91588,155.7827
4.895298,1.624062,0.8684942,-2.414556,0.1303856,-0.04374461,0.9854154,0.1002126,347.9416,165.2975,356.4778,1,0,-1.64,0,0,1,0,0,180,0,1.009548,0.9146958,-2.334455,0.1043544,0.001937113,0.9945086,-0.007685425,0.8990499,168.0207,0.1288704,1.987147,0.8160747,-2.228124,0.07529433,-0.1030704,0.7055323,0.6970878,272.3525,245.8425,279.6632,1.84458,1.085748,-2.225809,0.07341722,-0.08975177,0.6749142,0.7287286,274.5581,336.4844,190.2542
5.006473,1.62445,0.8686379,-2.414511,0.1302695,-0.04383571,0.9854606,0.09987839,347.9788,165.312,356.461,1,0,-1.64,0,0,1,0,0,180,0,1.008312,0.9158893,-2.335453,0.1044948,0.002185196,0.9944936,-0.007653246,0.8983712,168.0047,0.1574041,1.987157,0.8158144,-2.228196,0.0756572,-0.1033899,0.7054625,0.6970719,272.3479,245.8915,279.5584,1.847676,1.035139,-2.231098,0.06922111,-0.09258965,0.6822383,0.7219325,273.7329,322.9406,203.9124
5.117517,1.623949,0.8685207,-2.41469,0.1303755,-0.04371291,0.9854693,0.09970818,347.9997,165.298,356.4741,1,0,-1.64,0,0,1,0,0,180,0,1.010154,0.9150854,-2.33458,0.1047468,0.003296654,0.994469,-0.006970335,0.8339233,167.9766,0.2920458,1.987435,0.8157184,-2.228443,0.07576314,-0.1032908,0.7050133,0.6975293,272.3116,247.5152,277.9343,1.852061,0.9806734,-2.242051,0.07934383,-0.08167809,0.6792027,0.7250634,273.7215,350.5449,176.3725
5.228569,1.623151,0.8681287,-2.414726,0.1303616,-0.04398525,0.9854321,0.09997407,347.9653,165.3031,356.4462,1,0,-1.64,0,0,1,0,0,180,0,1.007673,0.9144781,-2.333736,0.1040137,0.002573371,0.994544,-0.007546145,0.8907147,168.0605,0.2033595,1.985011,0.8150445,-2.227141,0.07446863,-0.1037852,0.7065731,0.6960155,272.5247,242.952,282.5623,1.858574,0.9273106,-2.248165,0.08932251,-0.07094052,0.6842372,0.7202836,273.2791,20.50989,146.4709
5.339501,1.624074,0.8683233,-2.414467,0.1303087,-0.04389923,0.9854425,0.0999778,347.9664,165.3082,356.4555,1,0,-1.64,0,0,1,0,0,180,0,1.007999,0.9158622,-2.335284,0.1044211,0.003567909,0.9945022,-0.006989071,0.8392083,168.0144,0.3230112,1.986145,0.8161955,-2.22748,0.07557847,-0.1039869,0.7061123,0.6963333,272.4346,243.7087,281.6987,1.868781,0.8827533,-2.249356,0.08755034,-0.07299972,0.6849491,0.7196184,273.047,16.24673,150.7114
5.450685,1.623061,0.8680356,-2.414969,0.1303435,-0.04385839,0.9854253,0.1001199,347.9506,165.3037,356.4627,1,0,-1.64,0,0,1,0,0,180,0,1.007585,0.915826,-2.334187,0.1039658,0.00247427,0.9945472,-0.007808504,0.9194265,168.0659,0.1889817,1.986272,0.8156226,-2.227131,0.07546122,-0.1042359,0.7064101,0.6960067,272.4795,242.8208,282.5757,1.87543,0.8449301,-2.245934,0.08761897,-0.07557243,0.6970597,0.7076154,271.2979,42.14697,124.5995
5.56158,1.622363,0.8675815,-2.415271,0.1304002,-0.04396455,0.9854016,0.1002334,347.9359,165.2984,356.4528,1,0,-1.64,0,0,1,0,0,180,0,1.007417,0.9155441,-2.334012,0.1038246,0.001817654,0.994559,-0.008348186,0.9730988,168.0816,0.1078482,1.979461,0.8115984,-2.228986,0.07573349,-0.1044495,0.7068994,0.695448,272.5052,240.9372,284.4195,1.879848,0.8226349,-2.243249,0.08213967,-0.08140356,0.704965,0.6997506,270.4266,165.324,1.394526
5.67249,1.621719,0.8672759,-2.415569,0.1303978,-0.04382343,0.985403,0.1002843,347.9322,165.297,356.4698,1,0,-1.64,0,0,1,0,0,180,0,1.005823,0.9166349,-2.33463,0.1036996,0.001826261,0.9945722,-0.008329682,0.9710785,168.096,0.1091716,1.979949,0.8103837,-2.226631,0.07519209,-0.1039396,0.7080791,0.6943823,272.5804,237.2456,288.1969,1.879154,0.8149435,-2.24415,0.09107211,-0.076264,0.6928763,0.7112048,271.9092,32.13937,134.2679
5.783767,1.622126,0.8675599,-2.415278,0.1304542,-0.04381701,0.9854009,0.1002345,347.9377,165.2903,356.4705,1,0,-1.64,0,0,1,0,0,180,0,1.007467,0.9169164,-2.33548,0.1042466,0.003511349,0.9945206,-0.007013301,0.8412375,168.0344,0.3164225,1.977431,0.8100346,-2.22551,0.07598311,-0.1034684,0.7073846,0.695074,272.4403,238.5807,286.8359,1.878443,0.8125622,-2.243943,0.08613407,-0.07897981,0.6945584,0.7098815,271.37,18.32233,148.2672
5.884021,1.622619,0.8676429,-2.415168,0.1306069,-0.04386451,0.9853849,0.1001717,347.9437,165.2729,356.466,1,0,-1.64,0,0,1,0,0,180,0,1.007559,0.9143467,-2.332782,0.103764,0.002861222,0.994569,-0.007575034,0.8973786,168.0895,0.23605,1.978709,0.8112264,-2.223906,0.07626364,-0.1031217,0.7076628,0.6948116,272.4127,237.1407,288.2814,1.878429,0.8133818,-2.243436,0.09008046,-0.07782917,0.6967667,0.7073502,271.3118,42.35819,124.0033
5.994831,1.622254,0.8675728,-2.415229,0.130498,-0.04388411,0.9854013,0.1001442,347.9469,165.2859,356.462,1,0,-1.64,0,0,1,0,0,180,0,1.006055,0.9148727,-2.332644,0.1033696,0.001743089,0.9946046,-0.008566547,0.9970554,168.1339,0.09720718,1.980297,0.8132946,-2.224257,0.07650728,-0.1033477,0.7074686,0.6949489,272.3998,237.6853,287.6985,1.878499,0.813568,-2.243261,0.09758694,-0.07422258,0.6967102,0.7067975,272.0621,59.66901,106.3728
6.094826,1.62256,0.8676627,-2.415181,0.1304613,-0.04375078,0.9854258,0.1000082,347.9645,165.2886,356.475,1,0,-1.64,0,0,1,0,0,180,0,1.00594,0.9157159,-2.333419,0.1036582,0.002615085,0.9945766,-0.008098057,0.9540434,168.1015,0.2018782,1.978906,0.8135308,-2.225899,0.07648771,-0.1029264,0.7071266,0.6953617,272.3448,238.7214,286.6986,1.878408,0.8129491,-2.24344,0.1007973,-0.07300252,0.6970703,0.7061186,272.3687,64.90707,100.9715
6.205775,1.622945,0.8678533,-2.415082,0.1304957,-0.04372045,0.9854361,0.09987534,347.98,165.2841,356.4771,1,0,-1.64,0,0,1,0,0,180,0,1.005918,0.9159352,-2.333954,0.1037096,0.003673267,0.9945735,-0.007373895,0.8840899,168.0965,0.3310492,1.981711,0.8171413,-2.226135,0.07612219,-0.1033775,0.7070013,0.6954622,272.3982,239.7601,285.6527,1.878921,0.8140608,-2.243547,0.1006488,-0.07358496,0.6974622,0.7056922,272.2923,66.00732,99.836
6.316947,1.622225,0.8675996,-2.415367,0.1304818,-0.04373974,0.9854348,0.09989794,347.9772,165.286,356.475,1,0,-1.64,0,0,1,0,0,180,0,1.007922,0.9162155,-2.335036,0.1043294,0.005850014,0.9945083,-0.005860541,0.7378394,168.0264,0.5966767,1.981328,0.8166271,-2.226664,0.0761155,-0.1036169,0.7059241,0.6965207,272.3552,243.8203,281.5737,1.879261,0.8138008,-2.243415,0.1008498,-0.07382654,0.6977918,0.7053124,272.2729,67.35174,98.45547
6.427673,1.622496,0.867613,-2.415243,0.1305661,-0.04378306,0.985401,0.1001023,347.9529,165.2767,356.4739,1,0,-1.64,0,0,1,0,0,180,0,1.009329,0.9153986,-2.335367,0.1045208,0.006577354,0.9944862,-0.005419423,0.6963914,168.0046,0.6847108,1.981996,0.8168864,-2.226654,0.07587408,-0.1036847,0.7057109,0.6967531,272.3674,244.8503,280.5578,1.879057,0.8138323,-2.243524,0.1004704,-0.07359704,0.6978791,0.7053042,272.2592,67.48298,98.37396
6.538943,1.623059,0.8678076,-2.415021,0.130628,-0.04377853,0.985384,0.1001911,347.9426,165.2694,356.4765,1,0,-1.64,0,0,1,0,0,180,0,1.008264,0.91267,-2.332238,0.1037218,0.004426864,0.9945728,-0.006872779,0.835934,168.0956,0.4228895,1.982062,0.8165609,-2.22685,0.07579436,-0.1040467,0.705229,0.6971955,272.38,246.8195,278.5655,1.87907,0.8137948,-2.24356,0.1004343,-0.07300501,0.6976185,0.7056286,272.3154,66.67467,99.23345
6.650077,1.622601,0.8676028,-2.415122,0.1306366,-0.04364841,0.9853936,0.1001417,347.9502,165.2668,356.491,1,0,-1.64,0,0,1,0,0,180,0,1.006028,0.9149562,-2.333791,0.1033478,0.003335695,0.994608,-0.007945958,0.9451768,168.138,0.2861193,1.982575,0.8165789,-2.227066,0.07562438,-0.1039084,0.704924,0.6975429,272.3687,248.0791,277.3311,1.878816,0.812798,-2.243536,0.0963333,-0.06945711,0.6974949,0.7066799,272.3015,64.39813,102.1344
6.761065,1.622262,0.8676237,-2.415239,0.1305988,-0.04377871,0.9853813,0.1002553,347.9354,165.2729,356.4771,1,0,-1.64,0,0,1,0,0,180,0,1.006145,0.9138415,-2.332051,0.1030489,0.002705323,0.9946371,-0.008414327,0.9910352,168.1718,0.2090155,1.983997,0.8164934,-2.227139,0.07618511,-0.104811,0.7042275,0.6980502,272.373,250.468,274.8227,1.879059,0.8136089,-2.24345,0.09723008,-0.07134568,0.6981174,0.7057537,272.1868,66.71572,99.5898
6.87207,1.632938,0.8718626,-2.409123,0.1290706,-0.04640637,0.9843702,0.1104649,346.735,165.4906,356.2979,1,0,-1.64,0,0,1,0,0,180,0,1.004096,0.915749,-2.332987,0.1025417,0.002503911,0.9946868,-0.008789814,1.031365,168.23,0.1821484,1.984989,0.8166931,-2.227256,0.07629937,-0.1048064,0.7038223,0.698447,272.3508,251.9627,273.319,1.879335,0.8135716,-2.243462,0.09978313,-0.07275134,0.6977136,0.7056531,272.2828,66.62288,99.35921
6.972481,1.629937,0.8705638,-2.411237,0.1291438,-0.0463139,0.9846343,0.1080383,347.0137,165.4796,356.2754,1,0,-1.64,0,0,1,0,0,180,0,1.005084,0.9163131,-2.333193,0.1027066,0.00344329,0.9946731,-0.008066604,0.9600108,168.2119,0.2975748,1.985468,0.8163161,-2.227741,0.07616114,-0.1051963,0.7036873,0.6985395,272.3895,252.5767,272.6844,1.879665,0.8137712,-2.243552,0.0998232,-0.0732953,0.6970081,0.7062881,272.2772,63.68628,102.2481
7.083295,1.624674,0.8687567,-2.413636,0.1298375,-0.04588473,0.9848468,0.1054212,347.3167,165.3911,356.2973,1,0,-1.64,0,0,1,0,0,180,0,1.006659,0.9165778,-2.334524,0.1036527,0.004985192,0.9945771,-0.006910224,0.8468029,168.1041,0.4861443,1.986251,0.8163495,-2.227881,0.07618497,-0.1055545,0.7032983,0.6988745,272.4066,254.0491,271.1807,1.879688,0.8136529,-2.243653,0.0990827,-0.07485017,0.6967992,0.7064354,272.1131,61.2487,104.6196
7.194077,1.622344,0.8676046,-2.414841,0.1301371,-0.04547305,0.9849647,0.1041211,347.4702,165.3499,356.3304,1,0,-1.64,0,0,1,0,0,180,0,1.006905,0.9147507,-2.332985,0.1036424,0.004905467,0.9945775,-0.007062663,0.8632258,168.1052,0.4752563,1.986534,0.8161623,-2.228132,0.07634291,-0.105362,0.7031355,0.6990502,272.3746,254.6029,270.6298,1.879825,0.8134724,-2.243601,0.07944778,-0.072352,0.6979425,0.7080463,270.9999,28.91783,138.7578
7.294345,1.621051,0.8671457,-2.41534,0.1301157,-0.04536486,0.9850566,0.1033222,347.5632,165.3507,356.3313,1,0,-1.64,0,0,1,0,0,180,0,1.00394,0.9139805,-2.331213,0.1023751,0.002093663,0.9947,-0.009324798,1.087507,168.2488,0.1292758,1.986766,0.8162693,-2.228281,0.076156,-0.1052419,0.7031098,0.6991144,272.3791,254.8075,270.4503,1.879373,0.8128293,-2.243756,0.05360618,-0.05635241,0.697839,0.7120194,271.1702,344.5799,186.5008
7.405095,1.620424,0.8665125,-2.415561,0.1302313,-0.04487237,0.985132,0.1026702,347.6446,165.3306,356.3805,1,0,-1.64,0,0,1,0,0,180,0,1.001517,0.9152476,-2.330868,0.1015555,0.0004941197,0.9947723,-0.01069137,1.224579,168.3411,359.9319,1.987694,0.8164216,-2.228255,0.07622615,-0.1053627,0.7028016,0.6993984,272.3771,255.959,269.2833,1.880204,0.8132942,-2.244112,0.02535552,-0.03261347,0.6940966,0.7186957,272.0782,341.2117,194.0891
7.516332,1.619364,0.8661885,-2.416287,0.1303936,-0.04459991,0.9851878,0.1020465,347.7193,165.3078,356.4052,1,0,-1.64,0,0,1,0,0,180,0,1.004419,0.9177723,-2.333956,0.1029923,0.003574227,0.9946386,-0.008600141,1.022457,168.1792,0.3059313,1.987465,0.8162639,-2.228487,0.0763098,-0.1053568,0.7028062,0.6993856,272.37,255.9016,269.3343,1.88026,0.8135052,-2.244796,-0.01646242,0.01007561,0.6908217,0.7227675,272.6399,349.7697,192.3814
7.627167,1.61997,0.8665113,-2.416062,0.130547,-0.04449065,0.9852106,0.1016771,347.7626,165.2883,356.4144,1,0,-1.64,0,0,1,0,0,180,0,1.002953,0.9155349,-2.331252,0.1019648,0.001367866,0.994736,-0.0100876,1.165931,168.2951,0.03806206,1.987549,0.8161559,-2.228482,0.07639467,-0.1049934,0.7029827,0.6992536,272.3371,255.2001,270.0586,1.881168,0.8130783,-2.244828,-0.06049526,0.05395718,0.6850202,0.7240002,273.2029,355.1223,194.1654
7.73825,1.620814,0.8667821,-2.415633,0.1306318,-0.04431445,0.9852343,0.1014149,347.7949,165.276,356.4321,1,0,-1.64,0,0,1,0,0,180,0,1.00586,0.9189852,-2.333185,0.1102398,0.002793514,0.9938658,-0.008371805,0.9887918,167.343,0.2124243,1.987579,0.816164,-2.228425,0.07622791,-0.104844,0.7031182,0.699158,272.3408,254.763,270.5215,1.881978,0.8141595,-2.246691,-0.1150502,0.1073949,0.6792091,0.7168716,273.1144,357.5637,200.5426
7.849699,1.621557,0.8672209,-2.415617,0.1305076,-0.04412443,0.9852985,0.1010336,347.8417,165.2881,356.4471,1,0,-1.64,0,0,1,0,0,180,0,1.001371,0.9133683,-2.328763,0.1090689,0.00248111,0.993978,-0.01028418,1.202482,167.4776,0.1541006,1.987436,0.8161025,-2.228599,0.0762375,-0.1048507,0.7033157,0.6989572,272.3453,253.9806,271.3026,1.881526,0.8131232,-2.248023,-0.1648972,0.1655869,0.668261,0.7062699,273.0806,14.55876,192.4798
7.960592,1.621828,0.8672131,-2.415387,0.1305093,-0.04386298,0.985328,0.1008571,347.8657,165.2847,356.4748,1,0,-1.64,0,0,1,0,0,180,0,1.002604,0.9169399,-2.332659,0.1090725,0.005397533,0.9939772,-0.009134666,1.107983,167.4804,0.5007142,1.987368,0.8154368,-2.22793,0.07587029,-0.1047711,0.7036668,0.6986557,272.3769,252.8231,272.4965,1.879991,0.8136508,-2.247635,-0.2362547,0.2389935,0.6478052,0.683677,272.9154,24.00917,195.277
8.071454,1.62175,0.8672523,-2.415448,0.1305568,-0.04366418,0.9853609,0.1005595,347.9025,165.2766,356.4941,1,0,-1.64,0,0,1,0,0,180,0,1.003379,0.9169288,-2.33319,0.1089346,0.007219158,0.9939871,-0.008412171,1.048343,167.498,0.7174101,1.987068,0.8152955,-2.227909,0.07600079,-0.1049858,0.7040751,0.6981978,272.3965,251.1831,274.1082,1.87645,0.8132306,-2.248234,-0.3228412,0.3288095,0.6099395,0.644695,272.8577,37.19112,197.7031
8.182709,1.62162,0.8670989,-2.415525,0.1303917,-0.04368737,0.9853966,0.1004141,347.9193,165.2962,356.4873,1,0,-1.64,0,0,1,0,0,180,0,1.004655,0.9160283,-2.332764,0.1087459,0.009108663,0.9939967,-0.007876771,1.010751,167.5213,0.9395426,1.986355,0.8145945,-2.227262,0.07580093,-0.1053993,0.7048248,0.6974004,272.4727,248.5554,276.7183,1.873516,0.8135045,-2.24683,-0.3777936,0.3828817,0.5783023,0.6133842,272.8726,40.8031,204.2986
8.293682,1.62105,0.866917,-2.415748,0.1304096,-0.04378374,0.9853824,0.1004877,347.9095,165.2953,356.4774,1,0,-1.64,0,0,1,0,0,180,0,1.003828,0.9151503,-2.33171,0.1077691,0.008922983,0.9941005,-0.008402238,1.067401,167.6341,0.9129004,1.986993,0.8150387,-2.227264,0.07597781,-0.105624,0.7047462,0.6974266,272.4745,248.7515,276.4893,1.871992,0.813681,-2.244926,-0.4155889,0.4211086,0.5573802,0.5824781,272.0824,48.68342,203.8766
8.404759,1.62217,0.867345,-2.415478,0.1303595,-0.04371258,0.9854142,0.1002724,347.9353,165.3002,356.482,1,0,-1.64,0,0,1,0,0,180,0,1.004499,0.9141282,-2.330707,0.1068493,0.008536618,0.9942002,-0.008735239,1.099769,167.74,0.8657889,1.987465,0.814864,-2.227796,0.07567756,-0.1060201,0.7049121,0.6972315,272.5362,248.4115,276.8213,1.871212,0.8133342,-2.245123,-0.4197803,0.4260672,0.5557975,0.5773564,271.8197,52.99702,200.4823
8.504784,1.622998,0.8679733,-2.414956,0.130453,-0.04393454,0.9853806,0.1003837,347.9189,165.2919,356.4591,1,0,-1.64,0,0,1,0,0,180,0,1.002682,0.9151922,-2.331429,0.1060595,0.008248173,0.9942803,-0.009491782,1.181785,167.8311,0.8246101,1.987563,0.814871,-2.228028,0.0756274,-0.1057128,0.7052151,0.696977,272.5278,247.3175,277.9446,1.871032,0.8133172,-2.244786,-0.4195595,0.4246651,0.5598881,0.5745908,271.2611,55.80468,197.5051
8.615921,1.622572,0.8677428,-2.415203,0.1304445,-0.04375928,0.9854388,0.09989919,347.9769,165.2906,356.4723,1,0,-1.64,0,0,1,0,0,180,0,1.00493,0.916522,-2.333536,0.1065597,0.01049009,0.994216,-0.00834721,1.079144,167.7751,1.093457,1.987933,0.814644,-2.227686,0.07550218,-0.1060928,0.7056904,0.6964516,272.5895,245.8156,279.4256,1.870671,0.8137454,-2.244626,-0.419497,0.4233048,0.5630414,0.5725554,270.8304,58.39451,194.7687
8.726948,1.622868,0.8678857,-2.415087,0.1302842,-0.0437653,0.9854551,0.09994442,347.9723,165.3095,356.4702,1,0,-1.64,0,0,1,0,0,180,0,1.006528,0.9145889,-2.331991,0.1059704,0.01048235,0.9942787,-0.008384063,1.082601,167.8431,1.092768,1.988123,0.8145016,-2.227825,0.07562391,-0.1063336,0.7059078,0.6961814,272.6104,245.0316,280.1798,1.870248,0.8137982,-2.244539,-0.4140078,0.4181238,0.5672818,0.5761608,270.793,60.91548,191.1743
8.837956,1.622638,0.867653,-2.415129,0.13018,-0.04370178,0.9854683,0.09997768,347.9698,165.321,356.4768,1,0,-1.64,0,0,1,0,0,180,0,1.001113,0.9128152,-2.328637,0.1033817,0.00606966,0.9945524,-0.01187107,1.424966,168.1379,0.5512891,1.989557,0.8151106,-2.227651,0.07545885,-0.1064843,0.7057933,0.6962923,272.6294,245.58,279.6325,1.869979,0.8133298,-2.245018,-0.3812386,0.384243,0.589693,0.5993968,270.8223,49.97445,195.5686
8.948892,1.623016,0.8679897,-2.414894,0.1303439,-0.0435968,0.9854558,0.09993384,347.9757,165.3005,356.4903,1,0,-1.64,0,0,1,0,0,180,0,1.001116,0.9157323,-2.330835,0.1034829,0.00702246,0.9945382,-0.01165001,1.411118,168.1275,0.6623862,1.988377,0.8143045,-2.228033,0.07557367,-0.1061529,0.70661,0.6955017,272.6363,242.6509,282.5793,1.867867,0.8130761,-2.246572,-0.3123315,0.3127647,0.6259666,0.6424897,271.3393,27.736,204.7323
9.049266,1.622371,0.8674941,-2.415263,0.1304193,-0.04365041,0.9854395,0.09997173,347.9703,165.2923,356.4856,1,0,-1.64,0,0,1,0,0,180,0,1.001053,0.9161026,-2.330644,0.1031029,0.006747856,0.9945758,-0.01196817,1.443889,168.171,0.6278644,1.988979,0.8151136,-2.228543,0.07591573,-0.105779,0.7062664,0.6958703,272.5623,243.4223,281.8108,1.867945,0.8141018,-2.252361,-0.1889839,0.1925099,0.6584104,0.7026527,273.5968,20.21443,191.101
9.160107,1.62274,0.8678313,-2.415176,0.1304408,-0.04380022,0.9854423,0.09985146,347.9818,165.2915,356.4668,1,0,-1.64,0,0,1,0,0,180,0,1.000777,0.9150342,-2.329093,0.1025199,0.006216883,0.9946339,-0.01242954,1.48988,168.2376,0.5627577,1.989903,0.8161297,-2.228909,0.07595123,-0.1061615,0.7053493,0.6967378,272.5455,246.6893,278.5097,1.872585,0.8133514,-2.254508,-0.07222524,0.07588962,0.6792294,0.7264102,273.8352,10.45622,181.5741
9.271083,1.622514,0.8676506,-2.415181,0.1304937,-0.04374046,0.9854258,0.09997049,347.9689,165.2846,356.4761,1,0,-1.64,0,0,1,0,0,180,0,0.9983449,0.9174019,-2.331152,0.1024366,0.006325019,0.9946398,-0.01258771,1.509133,168.2474,0.5733581,1.990177,0.815814,-2.229011,0.07569685,-0.1058377,0.7047783,0.6973922,272.5147,248.854,276.3923,1.873761,0.815054,-2.257207,-0.0006415953,-0.0005510092,0.6875331,0.7261526,273.1311,358.2349,181.7725
9.381964,1.622081,0.8674796,-2.415187,0.1306888,-0.04372145,0.9853715,0.1002594,347.9355,165.2616,356.4849,1,0,-1.64,0,0,1,0,0,180,0,0.9977541,0.9162995,-2.32819,0.1016654,0.004831206,0.9947107,-0.01383444,1.63343,168.3341,0.3896774,1.990361,0.8157188,-2.229102,0.0758267,-0.1059074,0.704363,0.697787,272.4951,250.2835,274.9465,1.878298,0.8129931,-2.25722,0.05034686,-0.05860113,0.682706,0.7265973,273.6194,344.9287,186.2302
9.482062,1.622029,0.867583,-2.415326,0.1305912,-0.04360706,0.9854102,0.1000564,347.9607,165.2716,356.494,1,0,-1.64,0,0,1,0,0,180,0,0.9971287,0.9185312,-2.330523,0.1017752,0.005948924,0.9947077,-0.01277099,1.525263,168.3231,0.529341,1.990542,0.8157613,-2.229217,0.07578409,-0.1061154,0.7041572,0.6979677,272.5085,251.0746,274.1418,1.880413,0.8136587,-2.25665,0.07477783,-0.08607904,0.6809845,0.7233663,273.5547,338.5351,188.3964
9.593145,1.623247,0.8680282,-2.414833,0.1305448,-0.04370423,0.9854049,0.1001256,347.9515,165.2782,356.4832,1,0,-1.64,0,0,1,0,0,180,0,0.9982105,0.9159917,-2.327448,0.1013575,0.0057476,0.9947506,-0.01284055,1.530633,168.3709,0.5062169,1.990686,0.815791,-2.229258,0.07580611,-0.1064077,0.7038108,0.6982703,272.52,252.333,272.8577,1.880855,0.8136414,-2.257264,0.08582458,-0.09810427,0.6806033,0.7209639,273.4189,335.6014,189.4461
9.704125,1.621459,0.8670757,-2.415525,0.1304448,-0.04371889,0.9854202,0.1000994,347.9547,165.2902,356.4798,1,0,-1.64,0,0,1,0,0,180,0,0.99735,0.9173882,-2.328811,0.101204,0.005279109,0.9947644,-0.0131824,1.5641,168.388,0.449068,1.990873,0.815695,-2.22922,0.07570954,-0.1061767,0.7037008,0.6984266,272.5056,252.7875,272.4301,1.881159,0.8138582,-2.257259,0.08629992,-0.09757512,0.6786675,0.7228014,273.6915,338.1942,186.8566
9.815382,1.621907,0.8672129,-2.415392,0.1303645,-0.04367522,0.9854386,0.100042,347.9622,165.299,356.4831,1,0,-1.64,0,0,1,0,0,180,0,0.9955518,0.9182081,-2.329212,0.1009773,0.005811133,0.994787,-0.0129844,1.547575,168.4148,0.5123848,1.9911,0.8157709,-2.22931,0.0757977,-0.1061982,0.7036922,0.6984225,272.5002,252.7702,272.4384,1.881153,0.8132287,-2.257516,0.08102069,-0.09461668,0.6832885,0.7194443,273.1304,332.2549,193.4713
9.926535,1.621683,0.8671292,-2.415621,0.130174,-0.04366031,0.9854755,0.09993283,347.9755,165.3212,356.4809,1,0,-1.64,0,0,1,0,0,180,0,0.9945856,0.9178901,-2.328364,0.1008197,0.006131063,0.9948056,-0.01263366,1.511199,168.4334,0.5531618,1.991091,0.8156222,-2.229421,0.07573017,-0.1064433,0.7036936,0.6983911,272.5256,252.8018,272.3922,1.881176,0.8137589,-2.257328,0.09504426,-0.06352749,0.6948825,0.7099783,272.8317,57.96679,109.1534
10.03708,1.621923,0.8674636,-2.415388,0.1302839,-0.04370948,0.985451,0.1000095,347.9656,165.3089,356.4776,1,0,-1.64,0,0,1,0,0,180,0,0.9956635,0.918335,-2.328202,0.1008735,0.006718867,0.9947978,-0.01252577,1.505719,168.4281,0.6213583,1.991496,0.8158071,-2.229358,0.07568613,-0.1063371,0.7036216,0.6984846,272.5185,253.0891,272.1172,1.881495,0.8141968,-2.257213,0.09125212,-0.06574366,0.6986027,0.7066152,272.1666,66.18713,101.0632
10.14819,1.622485,0.8677124,-2.415191,0.1303208,-0.04372754,0.9854341,0.1001198,347.9526,165.3048,356.4776,1,0,-1.64,0,0,1,0,0,180,0,0.9983642,0.9183918,-2.330341,0.1021276,0.009011772,0.9946728,-0.01070955,1.326269,168.2859,0.9021174,1.991425,0.815751,-2.22939,0.07588057,-0.1059032,0.7036276,0.6985233,272.4678,252.964,272.262,1.881256,0.8141735,-2.257111,0.09141505,-0.06600727,0.6986507,0.7065222,272.1555,66.3944,100.8211
10.25924,1.623612,0.8682573,-2.414718,0.1303089,-0.04371453,0.9854475,0.1000102,347.9654,165.306,356.4774,1,0,-1.64,0,0,1,0,0,180,0,0.9971974,0.916213,-2.32864,0.1015383,0.008645255,0.9947349,-0.01084786,1.337241,168.3534,0.859504,1.991281,0.8157192,-2.229481,0.07571513,-0.1061968,0.7035536,0.6985713,272.5028,253.3246,271.8909,1.881366,0.8139443,-2.257147,0.09208877,-0.06588586,0.6986386,0.7064579,272.2159,66.96938,100.201
10.3703,1.624269,0.8684855,-2.414562,0.1303877,-0.04378729,0.9854467,0.09988305,347.9786,165.2976,356.4681,1,0,-1.64,0,0,1,0,0,180,0,0.9966241,0.9172796,-2.329159,0.1011543,0.008313181,0.9947722,-0.01127102,1.381308,168.3974,0.8172581,1.991718,0.8156025,-2.229654,0.07573762,-0.1062177,0.7032868,0.6988343,272.4962,254.2951,270.9168,1.881155,0.814024,-2.257273,0.09169465,-0.06530189,0.698693,0.7065096,272.2303,67.12748,100.1226
10.48154,1.624735,0.86878,-2.414306,0.130414,-0.04372239,0.9854568,0.09977708,347.9915,165.2937,356.4744,1,0,-1.64,0,0,1,0,0,180,0,0.9994656,0.9178244,-2.330896,0.1022419,0.0107215,0.994656,-0.009547377,1.213907,168.274,1.110488,1.991547,0.8154677,-2.229716,0.0825381,-0.1080061,0.7048962,0.6961634,272.1817,243.3288,281.1818,1.881274,0.814005,-2.257141,0.09115539,-0.06497467,0.6992227,0.7060854,272.1931,68.97215,98.3487
10.5926,1.623903,0.8684427,-2.414569,0.1303937,-0.04380614,0.9854624,0.0997123,347.9978,165.297,356.4636,1,0,-1.64,0,0,1,0,0,180,0,1.000764,0.9164833,-2.330967,0.1026029,0.01172283,0.9946148,-0.008760638,1.136394,168.2328,1.233438,1.991429,0.8159384,-2.229109,0.07558557,-0.1015004,0.7048831,0.6979429,272.174,247.8129,277.7977,1.881704,0.8138303,-2.257333,0.09141987,-0.06459117,0.6993753,0.7059352,272.238,69.92536,97.40511
10.69289,1.622172,0.8676701,-2.415312,0.1304117,-0.04379098,0.9854614,0.09970544,347.9987,165.2947,356.4654,1,0,-1.64,0,0,1,0,0,180,0,1.001665,0.916519,-2.332298,0.1030918,0.01300759,0.9945558,-0.007847208,1.048051,168.1769,1.390111,1.992499,0.815908,-2.22893,0.08526601,-0.1011475,0.7076544,0.6940635,271.6938,221.8688,302.9807,1.882769,0.813677,-2.25755,0.09158362,-0.0642487,0.6994171,0.7059039,272.2765,70.32251,97.02244
10.80346,1.622994,0.8677894,-2.415062,0.1304208,-0.0436868,0.9854519,0.0998323,347.9857,165.2925,356.4794,1,0,-1.64,0,0,1,0,0,180,0,1.00143,0.9149568,-2.331337,0.1027218,0.01269742,0.9945965,-0.008055706,1.067652,168.2194,1.352692,1.992187,0.816723,-2.228775,0.08679914,-0.103,0.7073187,0.6939433,271.7023,222.7433,301.8293,1.885396,0.8133319,-2.258576,0.09193031,-0.06389596,0.6995972,0.7057124,272.3251,71.36736,95.97797
10.9147,1.623041,0.8681148,-2.414949,0.1303764,-0.04377126,0.9854646,0.09972785,347.9966,165.2986,356.4676,1,0,-1.64,0,0,1,0,0,180,0,0.9989628,0.915161,-2.3297,0.10161,0.01098844,0.9947161,-0.009728266,1.236928,168.3473,1.139598,1.991039,0.8140016,-2.227411,0.08653378,-0.09820011,0.7122251,0.6896405,272.0598,199.8121,325.1739,1.88974,0.8127713,-2.259823,0.09222729,-0.06346606,0.6997982,0.7055131,272.3762,72.43954,94.9165
11.02582,1.621065,0.8669428,-2.415708,0.1304275,-0.04369073,0.9854484,0.09985666,347.9829,165.2917,356.4794,1,0,-1.64,0,0,1,0,0,180,0,0.998119,0.9153728,-2.329228,0.1011888,0.01001269,0.9947603,-0.01060655,1.325272,168.3953,1.018697,1.985762,0.8239412,-2.225064,0.08678637,-0.09646802,0.7215989,0.680042,273.4579,185.6657,339.4368,1.893774,0.8120529,-2.261014,0.09234066,-0.06307036,0.7000104,0.7053232,272.4106,73.40172,93.97728
11.1369,1.621441,0.8672144,-2.415453,0.1304368,-0.04382648,0.9854438,0.09983026,347.9839,165.2923,356.4634,1,0,-1.64,0,0,1,0,0,180,0,0.9969894,0.9161862,-2.329288,0.1009434,0.01022466,0.99478,-0.01089625,1.3605,168.4241,1.039854,1.981804,0.8473932,-2.22825,0.09796491,-0.08898615,0.7182331,0.6831,272.9386,158.0652,6.736971,1.895886,0.8117773,-2.261663,0.09247745,-0.06310855,0.6999393,0.7053725,272.4202,73.20121,94.16351
11.2369,1.622511,0.8676443,-2.41508,0.1305665,-0.04375731,0.9854218,0.09990723,347.9756,165.2762,356.4741,1,0,-1.64,0,0,1,0,0,180,0,0.9953593,0.9157277,-2.327145,0.09998054,0.008724827,0.9948758,-0.01224416,1.496018,168.5338,0.8547109,1.978095,0.8820954,-2.229781,0.09976804,-0.08927113,0.7106068,0.6907351,271.8211,144.4727,20.1618,1.896885,0.8115857,-2.262102,0.09253497,-0.06302109,0.6998139,0.7054971,272.4356,72.78412,94.583
11.34795,1.623088,0.8679518,-2.414983,0.1304854,-0.04389736,0.9854497,0.09967704,348.0001,165.2873,356.4536,1,0,-1.64,0,0,1,0,0,180,0,0.9947845,0.9171898,-2.328093,0.09998931,0.009339029,0.9948742,-0.01184611,1.457669,168.5334,0.9292979,1.974125,0.9270294,-2.226853,0.09975735,-0.08660406,0.7027516,0.6990625,271.1064,98.09483,66.75983,1.897427,0.8117405,-2.262155,0.09248134,-0.06289422,0.6998245,0.705505,272.4413,72.82283,94.55901
11.45878,1.624596,0.8687693,-2.414439,0.1305173,-0.04388131,0.9854704,0.09943778,348.0276,165.2832,356.4525,1,0,-1.64,0,0,1,0,0,180,0,0.9937602,0.9161589,-2.326845,0.09950624,0.008267292,0.9949244,-0.01247557,1.516785,168.5878,0.8006063,1.975239,0.9723182,-2.222208,0.1017256,-0.09612269,0.6875394,0.712532,272.0755,4.592358,159.3209,1.88163,0.8137859,-2.25725,0.09235942,-0.06303933,0.6994449,0.7058842,272.4326,71.30334,96.07661
11.55906,1.625297,0.869132,-2.4139,0.1304398,-0.04392469,0.98547,0.09952405,348.0174,165.2929,356.4477,1,0,-1.64,0,0,1,0,0,180,0,0.992739,0.9164093,-2.326257,0.09885727,0.006991479,0.9949837,-0.01363091,1.633575,168.6611,0.6430066,1.968684,1.015293,-2.216368,0.1165254,-0.09307505,0.6708502,0.7264426,274.8904,14.34029,148.5977,1.881968,0.8138985,-2.257258,0.09165791,-0.06340363,0.6993722,0.7060151,272.3519,70.47324,96.93436
11.67017,1.624727,0.8688195,-2.414325,0.1303963,-0.04383408,0.9854648,0.09967289,348.0019,165.297,356.4598,1,0,-1.64,0,0,1,0,0,180,0,0.9929524,0.9180055,-2.327044,0.09889369,0.007160625,0.9949816,-0.01342733,1.612297,168.6571,0.6645437,1.965415,1.053036,-2.212306,0.1105735,-0.08691438,0.6533004,0.7439207,277.5945,6.587055,157.3228,1.882166,0.8139632,-2.257256,0.09177405,-0.06424648,0.6994977,0.7057995,272.2884,70.77052,96.55907
11.78144,1.624272,0.8686374,-2.414526,0.130369,-0.04391539,0.9854749,0.09957214,348.0123,165.3011,356.4486,1,0,-1.64,0,0,1,0,0,180,0,0.9915786,0.9170066,-2.325212,0.09806337,0.006113569,0.9950626,-0.01402336,1.66796,168.7512,0.5397573,1.964223,1.079447,-2.210101,0.1155655,-0.08653046,0.6303129,0.7627993,281.0068,4.107036,159.3846,1.882023,0.8138909,-2.257199,0.09103044,-0.06389185,0.6996993,0.7057282,272.2526,71.18461,96.2346
11.89239,1.624082,0.8685057,-2.414421,0.1304209,-0.04406983,0.985451,0.09967283,347.9983,165.297,356.4328,1.536808,0.8760145,-2.442098,0.00234189,-0.0830836,0.989869,0.1151132,346.804,180.8529,350.3057,0.990098,0.9182893,-2.325706,0.09768906,0.006199294,0.9950989,-0.01402342,1.668722,168.7945,0.5501639,1.963533,1.081562,-2.21201,0.1156486,-0.07547934,0.6351724,0.7599239,280.6348,10.04729,154.3508,1.881984,0.8137946,-2.257178,0.09126908,-0.06400491,0.6997379,0.7056488,272.2606,71.46283,95.92769
12.00318,1.624196,0.8686216,-2.414463,0.1304387,-0.04415928,0.9854509,0.09961054,348.004,165.2959,356.4218,1.53077,0.8732162,-2.444129,-0.00391549,-0.08211163,0.9903345,0.1117141,347.2542,181.5335,350.3493,0.9894165,0.9187615,-2.325238,0.0977222,0.00654579,0.9950975,-0.01373003,1.639156,168.7912,0.5929174,1.963622,1.067241,-2.211715,0.1052481,-0.08237763,0.652016,0.7463323,277.8699,5.988291,158.7275,1.881766,0.8139105,-2.257484,0.09141084,-0.06382193,0.6997436,0.7056414,272.286,71.63003,95.76377
12.10437,1.624461,0.8684664,-2.41448,0.1304734,-0.0440837,0.9854684,0.09942498,348.0262,165.2908,356.4283,1.530438,0.8728881,-2.443962,-0.004584214,-0.08263505,0.9902906,0.1116915,347.2642,181.6179,350.2794,0.9891401,0.9187418,-2.324835,0.09779391,0.00685147,0.9950902,-0.01359666,1.627411,168.7833,0.6291633,1.966382,1.033583,-2.210696,0.09560226,-0.09364783,0.6703701,0.7298591,274.8243,354.1844,170.4211,1.882079,0.8137473,-2.25723,0.09131232,-0.06366085,0.7000031,0.7054112,272.2831,72.64133,94.77366
12.21432,1.623369,0.8682067,-2.414877,0.1304065,-0.04410396,0.9854595,0.09959233,348.007,165.299,356.4276,1.522166,0.8693467,-2.447397,-0.003629463,-0.08189,0.9901726,0.1133094,347.0678,181.5137,350.3729,0.9881076,0.918795,-2.32555,0.09871763,0.00915709,0.9950035,-0.0117974,1.448869,168.6796,0.9109572,1.973603,0.9809967,-2.21037,0.09961671,-0.09522188,0.6880001,0.7125063,272.0174,2.246905,161.9128,1.881881,0.8136823,-2.257236,0.09107781,-0.06321247,0.700047,0.7054383,272.2999,72.78516,94.68546
12.32525,1.623032,0.8678821,-2.414948,0.1302737,-0.04397276,0.985477,0.09965101,348.0028,165.3131,356.4419,1.519676,0.8681871,-2.448249,-0.003689382,-0.08239943,0.9901232,0.1133708,347.0622,181.528,350.3122,0.989399,0.918841,-2.325729,0.09916651,0.0105942,0.9949595,-0.01045883,1.312956,168.6289,1.089388,1.983491,0.9308434,-2.21119,0.09915073,-0.09178255,0.7011876,0.7000579,270.6039,90.95699,73.52442,1.882077,0.8138019,-2.257102,0.09100259,-0.06286038,0.6999314,0.7055941,272.3262,72.37576,95.12965
12.43613,1.622641,0.867901,-2.415052,0.1303111,-0.04387217,0.9854885,0.09953202,348.0177,165.3074,356.4523,1.520838,0.8685962,-2.447839,-0.003566213,-0.08230124,0.9900694,0.1139139,346.9984,181.518,350.3232,0.9896469,0.9170997,-2.323749,0.0988146,0.01088062,0.9949919,-0.0104158,1.310905,168.6697,1.123008,1.987513,0.8868442,-2.21473,0.09811595,-0.09227049,0.7041829,0.6971269,270.7423,132.6236,31.90238,1.881982,0.8139995,-2.257179,0.09085774,-0.06276073,0.7000116,0.7055421,272.3205,72.62711,94.89825
12.54743,1.623225,0.8679411,-2.414874,0.1303002,-0.04359677,0.9855003,0.09955059,348.0197,165.3054,356.4843,1.520499,0.8682967,-2.447852,-0.004231018,-0.08307214,0.9900312,0.113663,347.0349,181.6031,350.2251,0.987591,0.9179485,-2.324162,0.09862014,0.01035472,0.9950091,-0.01112998,1.386191,168.692,1.05523,1.988421,0.8457223,-2.216339,0.09622946,-0.08637737,0.7071431,0.6951457,271.258,133.1884,31.97295,1.882002,0.8140249,-2.257303,0.09080863,-0.06235613,0.7001491,0.705448,272.3452,73.23139,94.33089
12.65809,1.623104,0.8679772,-2.414848,0.1305529,-0.04371492,0.9854334,0.09982958,347.9852,165.2773,356.4778,1.519659,0.8681736,-2.448191,-0.004087848,-0.08328065,0.9899849,0.1139185,347.0045,181.5919,350.2015,0.9879866,0.9165595,-2.322511,0.09838643,0.009510388,0.9950327,-0.0118179,1.454883,168.7183,0.9515091,1.988478,0.8202951,-2.219468,0.09468375,-0.07905655,0.7143322,0.6888502,272.4223,141.4223,24.46101,1.883281,0.8136981,-2.257485,0.09076539,-0.06197558,0.7004427,0.7051955,272.3645,74.42429,93.17252
12.76938,1.622348,0.8677766,-2.415153,0.1304459,-0.04389839,0.9854552,0.09967355,348.0007,165.292,356.453,1.524234,0.8699614,-2.446383,-0.004464928,-0.08310272,0.9900295,0.1136471,347.0391,181.6305,350.2185,0.9866548,0.9191523,-2.324958,0.09846371,0.01008783,0.9950235,-0.01146661,1.421406,168.7099,1.021217,1.990232,0.8099337,-2.220639,0.09433935,-0.07767252,0.7149506,0.6884133,272.5392,140.8811,25.14297,1.886306,0.8129939,-2.258703,0.09060145,-0.06171915,0.7006316,0.7050515,272.3676,75.11491,92.51613
12.88079,1.622519,0.8678789,-2.415069,0.1304326,-0.04372989,0.9854704,0.09961498,348.0099,165.2915,356.4715,1.52246,0.8693126,-2.447137,-0.004455811,-0.08317228,0.9900138,0.1137334,347.0292,181.6313,350.2101,0.9857631,0.9171209,-2.321567,0.09761059,0.008287345,0.9951057,-0.01297161,1.572056,168.8065,0.800247,1.987954,0.8143053,-2.220253,0.09448105,-0.07298634,0.7099397,0.6940691,272.165,119.6383,46.75775,1.891742,0.8121148,-2.260201,0.09069108,-0.06115396,0.7010357,0.7046874,272.4117,76.78727,90.88245
12.99131,1.63769,0.8761705,-2.409334,0.1297036,-0.04542959,0.9841727,0.1118807,346.5849,165.4034,356.4401,1.52264,0.8694339,-2.447121,-0.004336421,-0.08310232,0.9900016,0.113895,347.0094,181.6182,350.2192,0.9855895,0.9199972,-2.323955,0.09780161,0.008616852,0.9950867,-0.01276765,1.552637,168.7849,0.8398153,1.989815,0.8144591,-2.220171,0.07788064,-0.09604524,0.688183,0.7149224,272.6195,318.7447,207.1228,1.894026,0.8119816,-2.260859,0.09071565,-0.06093365,0.7010688,0.7046704,272.4308,76.94738,90.73827
13.09159,1.631643,0.8716965,-2.410619,0.1298096,-0.0457483,0.9845248,0.1084782,346.9691,165.394,356.3561,1.521978,0.8687739,-2.447087,-0.004568212,-0.08320845,0.9899678,0.1141021,346.988,181.6487,350.2029,0.9868707,0.9195985,-2.324668,0.09856389,0.01040317,0.9950106,-0.01144346,1.422427,168.6988,1.057304,1.989747,0.812762,-2.219116,0.06963233,-0.1057576,0.7044367,0.6983808,272.9684,253.3572,272.3897,1.896834,0.8113759,-2.261832,0.09080561,-0.06069917,0.7012469,0.7045017,272.4539,77.67835,90.01904
13.20245,1.62554,0.8692243,-2.413444,0.1301965,-0.04547377,0.9847522,0.1060386,347.2508,165.3439,356.3584,1.525418,0.8704559,-2.445916,-0.004723058,-0.08292514,0.9900302,0.1137607,347.0283,181.6594,350.2355,0.9887558,0.9178941,-2.323172,0.09862241,0.01018477,0.9950063,-0.01150361,1.426882,168.6918,1.03163,1.986161,0.8114817,-2.219682,0.06975209,-0.1081138,0.7039779,0.6984707,273.1406,254.6024,270.9417,1.899882,0.8111811,-2.262869,0.09076776,-0.0604829,0.7013201,0.7044524,272.4672,77.95409,89.76396
13.30277,1.623283,0.8680565,-2.414357,0.1302304,-0.04503557,0.9849139,0.1046735,347.4132,165.3337,356.3901,1.524764,0.870311,-2.446372,-0.004830942,-0.08299852,0.9900452,0.1135712,347.0512,181.671,350.2262,0.9876289,0.9185925,-2.323809,0.09843291,0.009117854,0.9950262,-0.01227545,1.502685,168.7126,0.9015176,1.986653,0.8122423,-2.219602,0.08363576,-0.1003914,0.7120806,0.6898318,272.257,209.505,315.5382,1.884373,0.8137057,-2.257997,0.0904426,-0.06043216,0.7014327,0.7043865,272.4436,78.25317,89.49557
13.40294,1.621432,0.8673279,-2.414754,0.1303651,-0.04489265,0.9849755,0.1039856,347.4934,165.3158,356.3986,1.526538,0.8711048,-2.445475,-0.00469789,-0.08310992,0.9900753,0.1132322,347.0891,181.6534,350.2162,0.9876176,0.9187969,-2.324479,0.09891926,0.009935643,0.9949781,-0.01161237,1.436771,168.6573,1.001559,1.988446,0.8151534,-2.218859,0.08922015,-0.1028839,0.7103778,0.6905201,271.9532,206.7229,317.6606,1.885537,0.8132128,-2.258386,0.09058619,-0.0604247,0.7013918,0.7044094,272.4563,78.15559,89.58202
13.50313,1.619423,0.8662704,-2.41613,0.1304296,-0.0447729,0.9850955,0.1028127,347.6291,165.3061,356.3965,1.526337,0.870873,-2.445663,-0.00463224,-0.0828623,0.990104,0.1131658,347.0956,181.6418,350.2464,0.988797,0.9182973,-2.324727,0.0993868,0.0113326,0.9949278,-0.01061382,1.339273,168.6046,1.171556,1.988287,0.8149914,-2.219095,0.08814578,-0.1015251,0.7089682,0.6923057,271.7313,211.0544,313.5286,1.88902,0.8129489,-2.25935,0.09078094,-0.06014857,0.7015438,0.7042565,272.492,78.81134,88.93283
13.61354,1.618862,0.8657544,-2.416163,0.1303023,-0.04468603,0.9851438,0.1025481,347.661,165.3199,356.4012,1.525088,0.870289,-2.446048,-0.004753367,-0.08300116,0.9900774,0.1132914,347.0826,181.659,350.228,0.9894149,0.9182869,-2.326171,0.1000466,0.01330009,0.9948518,-0.009149314,1.195602,168.5295,1.411789,1.987419,0.8147939,-2.219218,0.05738448,-0.07934588,0.7086619,0.6987199,271.9531,240.0946,288.8074,1.892244,0.8123438,-2.260404,0.09093438,-0.05998296,0.7015079,0.7042866,272.5182,78.7425,89.00259
13.7203,1.618526,0.865809,-2.416653,0.1303051,-0.04453119,0.9852058,0.1020152,347.7242,165.3174,356.4115,1.524008,0.8700392,-2.446555,-0.004729957,-0.0830399,0.9900756,0.1132802,347.0838,181.6567,350.2238,0.9910241,0.9177963,-2.326105,0.1003713,0.01420137,0.9948123,-0.008508665,1.133377,168.4924,1.521527,1.982928,0.810869,-2.218223,-0.03577904,-0.01686218,0.7069283,0.7061784,274.2667,269.9507,271.5831,1.883844,0.8135799,-2.257763,0.09067859,-0.06019469,0.7013308,0.704478,272.4832,77.97988,89.76888
13.83116,1.619394,0.8660934,-2.416351,0.1303411,-0.04429873,0.9852527,0.1016164,347.7731,165.3101,356.4332,1.524194,0.8700488,-2.446525,-0.00479757,-0.08303981,0.9900718,0.1133104,347.081,181.6649,350.2228,0.9907686,0.9176756,-2.325974,0.09990897,0.01290196,0.994867,-0.009565842,1.238345,168.5454,1.361796,1.985718,0.8135511,-2.216719,-0.1452566,0.1163542,0.7029585,0.6864486,272.6972,250.9271,310.3996,1.884395,0.8135401,-2.25799,0.09065718,-0.05994941,0.7017788,0.7040554,272.4951,79.64525,88.12524
13.94213,1.620041,0.8665144,-2.4159,0.1302554,-0.04414523,0.9853095,0.1012418,347.8185,165.3181,356.4445,1.52264,0.8693724,-2.447001,-0.004497367,-0.08321621,0.9900668,0.1132373,347.0867,181.6315,350.2064,0.990828,0.917831,-2.325938,0.09986475,0.01288791,0.9948701,-0.009724395,1.256203,168.5506,1.358441,1.979246,0.8130653,-2.2156,-0.2272313,0.203889,0.6853951,0.6610816,272.7314,241.5868,333.9217,1.883347,0.8135475,-2.257527,0.09062091,-0.05981397,0.7016484,0.7042015,272.5048,79.15472,88.62974
14.04346,1.621907,0.8673279,-2.415291,0.1303277,-0.04396496,0.9853598,0.1007368,347.8786,165.3072,356.459,1.52282,0.8694676,-2.447015,-0.00434974,-0.08316388,0.9900829,0.1131407,347.0963,181.6126,350.2148,0.9899689,0.9169133,-2.324513,0.099111,0.01168252,0.9949513,-0.0106058,1.342003,168.6368,1.211929,1.983662,0.8145444,-2.213202,-0.28672,0.2675005,0.6580455,0.6428151,271.987,254.681,331.471,1.883743,0.8144009,-2.258198,0.09129257,-0.05975867,0.7020323,0.7037367,272.559,80.77326,86.96082
14.14571,1.623923,0.8685532,-2.414552,0.1303516,-0.0439388,0.9853809,0.1005108,347.9047,165.304,356.4591,1.525426,0.8706653,-2.446016,-0.004318587,-0.08283606,0.9901057,0.1131821,347.0907,181.6051,350.2535,0.9903763,0.9182625,-2.326622,0.0996567,0.01284459,0.9948907,-0.009805912,1.264719,168.5746,1.352835,1.983827,0.8154762,-2.212539,-0.3482147,0.310769,0.6261151,0.6246191,273.0368,295.4959,300.0716,1.883418,0.813239,-2.257346,0.0896578,-0.06004992,0.7019962,0.703958,272.4044,80.13109,87.71287
14.24656,1.623431,0.8681349,-2.414812,0.1304306,-0.0438711,0.9853861,0.1003863,347.9197,165.2938,356.4662,1.525305,0.8705082,-2.446058,-0.004326094,-0.08284426,0.9901172,0.1130759,347.1029,181.605,350.2529,0.990986,0.9172533,-2.325727,0.09956778,0.01303276,0.9948984,-0.009674623,1.251773,168.585,1.375902,1.977777,0.8095861,-2.211312,-0.400643,0.3551882,0.6040692,0.590277,273.8496,285.448,319.2066,1.882969,0.8133718,-2.257592,0.09015004,-0.06175651,0.7018351,0.7039081,272.307,79.65679,88.00816
14.35768,1.623681,0.8683108,-2.414776,0.1305573,-0.04375682,0.985392,0.1002135,347.9406,165.2775,356.4785,1.524617,0.8702128,-2.446395,-0.004321071,-0.08279289,0.9901385,0.1129271,347.1199,181.6022,350.2595,0.9918791,0.9173408,-2.32594,0.09960391,0.01321279,0.994895,-0.009408613,1.223544,168.5807,1.399415,1.98282,0.8150909,-2.210963,-0.4271498,0.3825395,0.5949692,0.5632214,274.4377,269.5191,340.3956,1.883373,0.813686,-2.257429,0.09052771,-0.06200752,0.7018203,0.7038524,272.317,79.73132,87.88239
14.45828,1.623333,0.8679801,-2.414777,0.1306272,-0.04386323,0.9853735,0.100258,347.9337,165.2705,356.4677,1.524102,0.8698902,-2.446423,-0.00447739,-0.08289728,0.9901155,0.1130457,347.108,181.623,350.2448,0.9920402,0.9159355,-2.325377,0.09930422,0.01258947,0.9949284,-0.00988889,1.270801,168.615,1.323243,1.983681,0.8159493,-2.211457,-0.4323382,0.3871445,0.5903357,0.5609872,274.3674,272.4429,338.4417,1.883322,0.8135942,-2.257515,0.09066643,-0.0623929,0.7016545,0.7039658,272.2986,79.11208,88.45891
14.56916,1.623249,0.8680159,-2.414752,0.1305942,-0.04399874,0.985361,0.1003637,347.9198,165.2761,356.4531,1.525242,0.8705868,-2.44611,-0.004397837,-0.08250472,0.9901744,0.1128205,347.1324,181.6062,350.2927,0.9895547,0.9164286,-2.32501,0.09871748,0.01150176,0.9949906,-0.01078001,1.359348,168.6821,1.189877,1.98261,0.814611,-2.21051,-0.4318977,0.3860122,0.5935047,0.5587586,274.665,268.2339,342.5026,1.883441,0.8136281,-2.257505,0.09058773,-0.06284519,0.7014841,0.7041054,272.2581,78.37254,89.16808
14.67974,1.623129,0.867995,-2.414936,0.1306551,-0.04396416,0.9853595,0.1003148,347.9257,165.2685,356.4572,1.571991,1.357694,-2.859909,-0.1007381,-0.03688993,0.9941952,-0.008177045,1.357556,191.5229,355.887,0.9918053,0.9178538,-2.326744,0.09929058,0.01251464,0.9949293,-0.010029,1.285909,168.6166,1.313138,1.982077,0.8152083,-2.211436,-0.4215648,0.3775455,0.5979153,0.5676617,274.329,269.9343,338.9342,1.883268,0.8136222,-2.257546,0.09061917,-0.06300876,0.7013885,0.7041819,272.2488,77.98539,89.53938
14.77991,1.623096,0.8680581,-2.414907,0.1306131,-0.04401213,0.9853516,0.100426,347.9124,165.2741,356.4527,-0.05958223,0.3287163,-3.095556,-0.2915933,-0.2894373,0.9111424,-0.03191992,13.11835,211.7782,328.5028,0.9932365,0.9167973,-2.325958,0.09906643,0.01281259,0.9949498,-0.009829483,1.266241,168.6426,1.349669,1.981704,0.8163078,-2.212345,-0.4027677,0.3604721,0.6139322,0.5752611,274.645,260.256,345.1298,1.883443,0.813904,-2.257278,0.09062279,-0.0629612,0.7014741,0.7041005,272.2517,78.34032,89.18801
14.89069,1.622693,0.8676587,-2.415067,0.1305502,-0.04398787,0.9853612,0.1004242,347.9132,165.2812,356.4547,-0.4557707,-0.1195345,-3.0865,-0.2992081,-0.2913851,0.9071348,-0.05172579,15.55803,212.1542,328.8937,0.9928869,0.9173471,-2.327888,0.09992871,0.01424985,0.9948536,-0.008811424,1.167774,168.5438,1.524106,1.981558,0.8145299,-2.211809,-0.3406736,0.3011173,0.6501878,0.6087081,274.6456,250.653,343.3724,1.883014,0.8136135,-2.257497,0.09055912,-0.06283589,0.7015059,0.7040882,272.2562,78.45035,89.09338
15.00182,1.621969,0.8674341,-2.415361,0.130315,-0.04395457,0.9853936,0.1004269,347.9142,165.3084,356.4557,-1.096259,-0.3258834,-3.425724,-0.2884883,-0.3046529,0.9058029,-0.05901011,16.42026,210.4885,327.3243,0.9928511,0.9155462,-2.325524,0.09913767,0.0127404,0.9949426,-0.009935555,1.277614,168.6344,1.340143,1.980011,0.8167617,-2.214599,-0.2493474,0.2124023,0.6943615,0.6407599,275.2768,233.6546,344.5011,1.883566,0.813632,-2.257651,0.09032252,-0.06221293,0.7014552,0.7042245,272.2888,78.18036,89.43337
15.11264,1.622852,0.8679125,-2.415005,0.1303844,-0.04383447,0.9854063,0.1002636,347.9344,165.2987,356.4681,-1.54193,-0.5740372,-3.658565,-0.26785,-0.3290301,0.9032909,-0.06372797,16.94126,207.5166,324.1477,0.9934533,0.9180838,-2.328579,0.099568,0.01368437,0.994894,-0.009213754,1.206651,168.5852,1.45546,1.978418,0.8142598,-2.216335,-0.1139076,0.09541041,0.7213759,0.6764161,273.9401,210.8798,346.1536,1.882817,0.8135374,-2.257381,0.09038454,-0.06202363,0.7014924,0.704196,272.3084,78.36658,89.25748
15.21302,1.622507,0.8676376,-2.415126,0.1304181,-0.04378138,0.9853894,0.1004095,347.9184,165.2942,356.4767,-2.08433,-0.7862232,-3.836542,-0.2678258,-0.3462045,0.8979071,-0.04663235,15.61596,207.7668,321.7122,0.9930159,0.9144635,-2.324565,0.09889936,0.01260602,0.9949667,-0.01006116,1.290094,168.6618,1.323703,1.97711,0.812521,-2.217565,-0.007175915,0.01214235,0.7228274,0.6908846,272.6195,171.9453,9.620442,1.883065,0.8137423,-2.25751,0.09056389,-0.06156402,0.7013943,0.704311,272.3619,78.08015,89.56664
15.32381,1.621969,0.8673353,-2.415371,0.1305363,-0.04390987,0.9853854,0.1002391,347.9355,165.2818,356.4609,-2.851137,-1.09237,-4.179291,-0.2624358,-0.3495357,0.8972135,-0.06293002,17.24059,206.5523,321.5274,0.9898227,0.9159927,-2.324907,0.09800187,0.01052596,0.9950611,-0.01175857,1.459144,168.764,1.068587,1.974641,0.8098856,-2.219483,0.06797143,-0.05182648,0.7175804,0.6912107,272.5056,143.6622,26.61677,1.883965,0.8137552,-2.257724,0.09072481,-0.06124057,0.7013321,0.7043805,272.4019,77.92708,89.73286
15.43495,1.623278,0.8680789,-2.414862,0.1305814,-0.04397073,0.9853827,0.1001796,347.9413,165.2772,356.4536,-3.40805,-1.449814,-4.480114,-0.2575701,-0.3450069,0.8981815,-0.08887044,19.71675,205.2371,322.4305,0.9916673,0.918645,-2.327762,0.09890389,0.01232642,0.9949657,-0.01045872,1.33227,168.6614,1.287314,1.980325,0.8148105,-2.222506,0.1000371,-0.09767661,0.710807,0.6893514,271.749,165.6841,358.2409,1.88559,0.8131276,-2.258437,0.09089486,-0.06089545,0.701518,0.7042034,272.4406,78.7219,88.9522
15.54587,1.623138,0.8678781,-2.414934,0.1305164,-0.04388252,0.9853969,0.1001644,347.9445,165.2838,356.4627,1,0,-1.64,0,0,1,0,0,180,0,0.9913716,0.9172747,-2.326046,0.09844938,0.0118769,0.9950129,-0.0107766,1.362866,168.7134,1.233073,1.984484,0.8175293,-2.22155,0.112794,-0.1128912,0.7086638,0.6872618,271.7339,171.0765,350.556,1.886115,0.8134037,-2.258159,0.09082093,-0.06069589,0.7013025,0.7044448,272.4544,77.89329,89.80309
15.64609,1.622383,0.8677248,-2.415236,0.1303713,-0.04384428,0.9854101,0.1002398,347.937,165.3004,356.4664,1,0,-1.64,0,0,1,0,0,180,0,0.9893305,0.9156774,-2.323562,0.09744399,0.00968974,0.9951156,-0.01248296,1.531835,168.8275,0.9659419,1.983157,0.8166443,-2.22186,0.1136625,-0.1176305,0.7073521,0.687675,271.6265,181.9871,339.1851,1.883601,0.813626,-2.25763,0.09068255,-0.06076675,0.7012568,0.7045019,272.4385,77.66003,90.0419
15.74635,1.622416,0.8675528,-2.415195,0.1303882,-0.04372868,0.985407,0.1002985,347.9319,165.297,356.4809,1,0,-1.64,0,0,1,0,0,180,0,0.9877288,0.9160697,-2.322642,0.09664734,0.007967571,0.9951884,-0.01399496,1.684471,168.9174,0.7539771,1.98285,0.8164456,-2.221817,0.1104843,-0.1182551,0.7062131,0.6892546,271.5115,195.3095,326.0727,1.883744,0.813612,-2.25773,0.09067077,-0.06042534,0.7015058,0.7042848,272.4613,78.61561,89.11507
15.85689,1.622342,0.8678347,-2.415149,0.1304039,-0.04376769,0.9853919,0.1004094,347.9186,165.2957,356.4781,1,0,-1.64,0,0,1,0,0,180,0,0.9870691,0.9192522,-2.326015,0.0972224,0.009544656,0.995135,-0.01277033,1.562783,168.853,0.9465385,1.982095,0.8163564,-2.221875,0.07267495,-0.1101371,0.6993768,0.7024673,273.0459,267.2862,257.854,1.887908,0.8129852,-2.258942,0.09096149,-0.05984233,0.7017236,0.7040802,272.5289,79.54665,88.2077
15.96803,1.622103,0.8675219,-2.415294,0.1305343,-0.04369901,0.9853941,0.1002482,347.9376,165.2795,356.4854,1,0,-1.64,0,0,1,0,0,180,0,0.9890279,0.9190273,-2.325639,0.09747117,0.01013231,0.9951119,-0.01220418,1.505005,168.8248,1.019494,1.981265,0.8167558,-2.221568,0.067577,-0.09821595,0.7049186,0.6991973,272.5257,252.6887,273.843,1.884014,0.8134131,-2.257966,0.09133087,-0.06044083,0.7013935,0.7043101,272.5143,78.44398,89.23151
16.07934,1.622702,0.8677439,-2.415032,0.1305303,-0.04390496,0.9853777,0.1003243,347.9259,165.2825,356.4626,1,0,-1.64,0,0,1,0,0,180,0,0.989459,0.9185579,-2.325136,0.0974993,0.01051641,0.9951113,-0.01169416,1.451152,168.8218,1.068951,1.980974,0.8165779,-2.221461,0.06806748,-0.09897655,0.7051415,0.6988176,272.5566,251.6518,274.7778,1.884301,0.8134857,-2.25791,0.09063104,-0.06201421,0.7006274,0.7050259,272.3461,75.06432,92.54031
16.19016,1.625502,0.8676831,-2.413354,0.1302261,-0.04352887,0.9853925,0.100738,347.8853,165.3139,356.5082,1,0,-1.64,0,0,1,0,0,180,0,0.9913083,0.917699,-2.325252,0.09817586,0.01176459,0.995043,-0.01061502,1.342838,168.7446,1.222448,1.980489,0.8161803,-2.22153,0.06808025,-0.09901383,0.705182,0.6987701,272.5598,251.5023,274.9232,1.88465,0.8135646,-2.257859,0.09049311,-0.06216357,0.7003958,0.7052605,272.3293,74.0582,93.54556
16.30161,1.619293,0.8655463,-2.415888,0.1300762,-0.04385274,0.9853887,0.100828,347.8707,165.3354,356.4702,1,0,-1.64,0,0,1,0,0,180,0,0.9889258,0.9176348,-2.324786,0.09739634,0.009836088,0.9951244,-0.01203108,1.481882,168.8329,0.9877399,1.979251,0.8152375,-2.221831,0.06802099,-0.09904221,0.7052243,0.6987292,272.5682,251.3885,275.0396,1.884998,0.8137372,-2.257625,0.09062727,-0.06237717,0.7004947,0.7051262,272.3197,74.47704,93.09836
16.41241,1.617602,0.8652346,-2.417269,0.131961,-0.03578794,0.9854157,0.1012987,347.9311,165.0167,357.433,1,0,-1.64,0,0,1,0,0,180,0,0.9876694,0.9190858,-2.326065,0.09747219,0.01010814,0.9951153,-0.01193906,1.474499,168.8245,1.019687,1.978873,0.8149451,-2.222125,0.06813248,-0.09935896,0.705211,0.6986868,272.585,251.3955,274.9976,1.8846,0.8135443,-2.257777,0.09045636,-0.06221009,0.7001314,0.7055236,272.3302,72.99379,94.60917
16.52389,1.61748,0.8648319,-2.417279,0.1316903,-0.03558499,0.9854521,0.1013687,347.9268,165.0461,357.4542,1,0,-1.64,0,0,1,0,0,180,0,0.9876646,0.916948,-2.323068,0.09702081,0.01012209,0.9951584,-0.01201002,1.482284,168.8766,1.021162,1.980956,0.8168219,-2.221367,0.06811563,-0.0997895,0.705075,0.6987643,272.6171,251.9116,274.4476,1.8843,0.813432,-2.258093,0.09045808,-0.06214263,0.6999937,0.7056659,272.34,72.47641,95.13186
16.63488,1.616387,0.8640027,-2.417656,0.1319818,-0.03541587,0.9854531,0.1010378,347.9664,165.01,357.4724,1,0,-1.64,0,0,1,0,0,180,0,0.9881953,0.9173748,-2.323474,0.09721489,0.01042533,0.9951392,-0.01177259,1.458778,168.8545,1.058104,1.981005,0.816876,-2.22128,0.06814476,-0.09964946,0.7049904,0.6988668,272.6008,252.1847,274.1835,1.884558,0.8137861,-2.258242,0.09064808,-0.06225147,0.6998973,0.7057276,272.349,72.18958,95.39434
16.74586,1.619664,0.8655598,-2.41636,0.1319334,-0.03523981,0.9854675,0.101023,347.9709,165.0136,357.4919,1,0,-1.64,0,0,1,0,0,180,0,0.9870844,0.9177082,-2.323288,0.09698445,0.009534272,0.9951622,-0.01245803,1.526819,168.8802,0.9491885,1.980728,0.816662,-2.221121,0.0671749,-0.09803237,0.705448,0.6987276,272.5591,251.0032,275.5763,1.884576,0.813642,-2.258277,0.09060937,-0.06254961,0.6997667,0.7058358,272.3263,71.57687,95.98592
16.84748,1.621529,0.8666872,-2.415601,0.1316853,-0.03514523,0.9855088,0.1009763,347.9783,165.0416,357.4991,1,0,-1.64,0,0,1,0,0,180,0,0.985988,0.9188759,-2.323386,0.0965379,0.008481008,0.9952028,-0.01341366,1.623757,168.9305,0.819159,1.980714,0.8169377,-2.221034,0.06720731,-0.09778123,0.7053589,0.6988497,272.533,251.2798,275.3177,1.88451,0.8137332,-2.258291,0.09064116,-0.06228789,0.6997933,0.7058284,272.349,71.7746,95.80689
16.95627,1.623393,0.8675017,-2.414882,0.1315507,-0.03510565,0.9855286,0.1009719,347.9797,165.057,357.502,1,0,-1.64,0,0,1,0,0,180,0,0.987581,0.9190125,-2.323866,0.09708902,0.009756682,0.9951513,-0.01235042,1.517118,168.8684,0.9755957,1.980448,0.8166326,-2.221084,0.06720897,-0.09777521,0.7052855,0.6989244,272.5297,251.5428,275.055,1.884558,0.8138212,-2.258169,0.09066988,-0.062276,0.6997357,0.7058829,272.3541,71.57416,96.00595
17.05662,1.623453,0.8677561,-2.414829,0.1314737,-0.03531684,0.9855311,0.100975,347.9764,165.0686,357.4767,1,0,-1.64,0,0,1,0,0,180,0,0.9856408,0.9188566,-2.323091,0.09655769,0.008542799,0.9952027,-0.01324336,1.60503,168.9283,0.8280563,1.980624,0.8169641,-2.221105,0.06734449,-0.09766591,0.7052786,0.6989337,272.5103,251.479,275.1168,1.884451,0.8135995,-2.258202,0.09071375,-0.06226664,0.6997488,0.7058651,272.3578,71.6545,95.92278
17.15695,1.624135,0.8678014,-2.414594,0.131528,-0.03520564,0.9855248,0.1010041,347.9746,165.0608,357.4906,1,0,-1.64,0,0,1,0,0,180,0,0.9861588,0.9175908,-2.32198,0.09653163,0.008765494,0.9952071,-0.01295441,1.574511,168.9315,0.8566948,1.980635,0.816875,-2.220979,0.0673345,-0.09782264,0.7052587,0.6989327,272.5232,251.5698,275.0139,1.884516,0.8137105,-2.258229,0.09069671,-0.06216167,0.6997423,0.705883,272.3652,71.64874,95.93849
17.26736,1.624299,0.8680841,-2.414566,0.1316305,-0.0351329,0.985508,0.1010606,347.969,165.0479,357.5011,1,0,-1.64,0,0,1,0,0,180,0,0.984798,0.9185762,-2.322474,0.09635782,0.008419982,0.9952211,-0.0133916,1.620419,168.9512,0.8127328,1.980402,0.8168401,-2.221221,0.06751742,-0.09785102,0.7053145,0.6988549,272.5132,251.2616,275.3049,1.884357,0.8136746,-2.258318,0.09060523,-0.06218411,0.6997506,0.7058846,272.3559,71.61739,95.97548
17.36812,1.624273,0.8680466,-2.414503,0.1313954,-0.03521045,0.9855725,0.1007101,348.0085,165.0766,357.4841,1,0,-1.64,0,0,1,0,0,180,0,0.9846659,0.9191519,-2.322741,0.09657683,0.00914494,0.9952005,-0.01286156,1.568154,168.9268,0.9009405,1.980301,0.8167372,-2.221059,0.06732239,-0.09778909,0.7053306,0.6988661,272.5237,251.3141,275.2733,1.884404,0.8136044,-2.258315,0.09058858,-0.06203085,0.6996639,0.7059861,272.3701,71.32052,96.28618
17.46852,1.62475,0.8682056,-2.414476,0.1315292,-0.0352185,0.985576,0.1004977,348.0323,165.0611,357.4817,1,0,-1.64,0,0,1,0,0,180,0,0.9851896,0.9187367,-2.32234,0.09656323,0.009289968,0.9952021,-0.01272875,1.554597,168.9285,0.918974,1.980654,0.8170292,-2.221009,0.06746484,-0.09768979,0.7054802,0.6987152,272.5098,250.6758,275.9082,1.884894,0.8139933,-2.258171,0.09060832,-0.06225096,0.6995807,0.7060466,272.3568,70.94888,96.63831
17.57839,1.624713,0.8682411,-2.414477,0.1315237,-0.03517709,0.9855964,0.1003193,348.0533,165.0614,357.4837,1,0,-1.64,0,0,1,0,0,180,0,0.9811068,0.9181728,-2.320371,0.09521693,0.006679185,0.9953242,-0.01479836,1.760992,169.0802,0.6006283,1.980495,0.816824,-2.220963,0.06739306,-0.09781247,0.7055466,0.6986378,272.5276,250.4941,276.0857,1.885365,0.814163,-2.258146,0.09067535,-0.06281008,0.6995426,0.7060263,272.3183,70.66962,96.86658
