TimeSinceStartup,Lhand_xPos,Lhand_yPos,Lhand_zPos,Lhand_wQuat,Lhand_xQuat,Lhand_yQuat,Lhand_zQuat,Lhandxrot,Lhandyrot,Lhandzrot,Rhand_xPos,Rhand_yPos,Rhand_zPos,Rhand_wQuat,Rhand_xQuat,Rhand_yQuat,Rhand_zQuat,Rhandxrot,Rhandyrot,Rhandzrot,HMD_xPos,HMD_yPos,HMD_zPos,HMD_wQuat,HMD_xQuat,HMD_yQuat,HMD_zQuat,HMDxrot,HMDyrot,HMDzrot,vrtracker_xPos,vrtracker_yPos,vrtracker_zPos,vrtracker_wQuat,vrtracker_xQuat,vrtracker_yQuat,vrtracker_zQuat,vrtracker_xrot,vrtracker_yrot,vrtracker_zrot,rtracker_xPos,rtracker_yPos,rtracker_zPos,rtracker_wQuat,rtracker_xQuat,rtracker_yQuat,rtracker_zQuat,rtracker_xrot,rtracker_yrot,rtracker_zrot
0,1.25,1,-1.64,0,0,1,0,0,180,0,0.75,1,-1.64,0,0,1,0,0,180,0,1.356158,0.8291349,-2.503756,0.1964987,-0.005773842,0.9798958,0.03404769,356.0437,157.3176,0.1186058,1,0,-1.64,0,0,1,0,0,180,0,1,0,-1.64,0,0,1,0,0,180,0
0,1.25,1,-1.64,0,0,1,0,0,180,0,0.75,1,-1.64,0,0,1,0,0,180,0,1.355951,0.8288816,-2.50391,0.1962802,-0.006097598,0.9799439,0.03386512,356.0569,157.3447,0.07715959,1.721666,0.7827092,-2.297,0.0442184,-0.07361116,0.7021682,0.7068139,272.4113,274.2013,256.238,1.629009,0.7792676,-2.302048,-0.1142242,0.1171984,0.6738204,0.7205438,273.7943,13.06568,185.7813
0.02,1.25,1,-1.64,0,0,1,0,0,180,0,0.75,1,-1.64,0,0,1,0,0,180,0,1.355675,0.8288993,-2.503914,0.1960511,-0.006776292,0.9799947,0.03359225,356.0723,157.3745,359.9937,1.72224,0.7832249,-2.296699,0.04426388,-0.07346039,0.702141,0.7068538,272.3963,274.3934,256.0545,1.629114,0.7793373,-2.302015,-0.1143603,0.117027,0.6740445,0.7203404,273.7581,12.71865,186.1252
0.0489848,1,0,-1.64,0,0,1,0,0,180,0,1,0,-1.64,0,0,1,0,0,180,0,1.355463,0.8285097,-2.504092,0.1958985,-0.007371596,0.9800349,0.03318285,356.1049,157.3952,359.9168,1.722524,0.7834472,-2.296649,0.0442513,-0.07353427,0.7021855,0.7068028,272.4022,274.182,256.2608,1.628711,0.7797794,-2.302038,-0.1143323,0.1173946,0.673952,0.7203716,273.7701,13.21023,185.6616
0.0634544,1,0,-1.64,0,0,1,0,0,180,0,1,0,-1.64,0,0,1,0,0,180,0,1.355122,0.8285949,-2.504235,0.1961035,-0.007223555,0.9799908,0.0333046,356.0946,157.3704,359.9371,1.722558,0.7834984,-2.296629,0.04425757,-0.07350212,0.7022366,0.7067549,272.3979,274.0053,256.4396,1.628699,0.7798221,-2.302047,-0.1143489,0.1173671,0.6739671,0.7203594,273.7677,13.15785,185.7131
0.0779182,1,0,-1.64,0,0,1,0,0,180,0,1,0,-1.64,0,0,1,0,0,180,0,1.354774,0.8289526,-2.504598,0.1962427,-0.006916957,0.9799559,0.03357847,356.0707,157.3526,359.9783,1.722718,0.7834528,-2.296718,0.04424019,-0.07340425,0.7022989,0.7067042,272.3901,273.8169,256.6375,1.62895,0.7795494,-2.302188,-0.114314,0.1171421,0.6738562,0.7205053,273.7875,12.89408,185.9556
0.1002286,1,0,-1.64,0,0,1,0,0,180,0,1,0,-1.64,0,0,1,0,0,180,0,1.354896,0.8286114,-2.504356,0.1960459,-0.007397203,0.9800064,0.03314807,356.1083,157.378,359.9138,1.722726,0.7832942,-2.296646,0.04424883,-0.07340473,0.7023325,0.7066703,272.3886,273.6891,256.7645,1.629214,0.7790383,-2.302025,-0.1145343,0.1173741,0.6737787,0.7205051,273.7938,12.92127,185.9656
0.1225975,1,0,-1.64,0,0,1,0,0,180,0,1,0,-1.64,0,0,1,0,0,180,0,1.354629,0.8288189,-2.504585,0.1962006,-0.007094772,0.9799718,0.03332195,356.0955,157.3586,359.9523,1.722741,0.7832803,-2.296668,0.04419084,-0.07343194,0.7023911,0.7066128,272.3941,273.4432,257.0129,1.629011,0.7792746,-2.301793,-0.1144878,0.1174561,0.6737435,0.7205319,273.7996,13.07503,185.8148
0.1447203,1,0,-1.64,0,0,1,0,0,180,0,1,0,-1.64,0,0,1,0,0,180,0,1.354677,0.8290974,-2.504654,0.196459,-0.006741019,0.9799062,0.03379862,356.0499,157.3263,0.003960191,1.722759,0.7833719,-2.296645,0.04412594,-0.07343484,0.7024521,0.7065559,272.3982,273.2012,257.2599,1.62881,0.7798176,-2.302029,-0.1143319,0.117684,0.6738433,0.7204263,273.785,13.56363,185.332
0.1560799,1,0,-1.64,0,0,1,0,0,180,0,1,0,-1.64,0,0,1,0,0,180,0,1.355166,0.8288689,-2.50422,0.1962241,-0.006908898,0.9799595,0.03358356,356.0703,157.3548,359.9792,1.7227,0.7833484,-2.296645,0.04408617,-0.07343581,0.7025098,0.7065009,272.4002,272.9759,257.4883,1.628889,0.7797061,-2.302072,-0.1143046,0.1176635,0.6736793,0.7205873,273.8112,13.54173,185.3502
0.1672625,1,0,-1.64,0,0,1,0,0,180,0,1,0,-1.64,0,0,1,0,0,180,0,1.355055,0.8290299,-2.504385,0.1963996,-0.006688484,0.9799172,0.03383627,356.0468,157.333,0.01048351,1.722723,0.7833873,-2.29664,0.04413451,-0.07347169,0.7025276,0.7064764,272.3987,272.8947,257.5627,1.628889,0.7797228,-2.302074,-0.1142913,0.1176515,0.6736961,0.7205756,273.809,13.54466,185.3451
0.1891838,1,0,-1.64,0,0,1,0,0,180,0,1,0,-1.64,0,0,1,0,0,180,0,1.355328,0.8285242,-2.503956,0.1962198,-0.007115481,0.9799616,0.03350292,356.0747,157.3561,359.9542,1.722654,0.7833856,-2.296604,0.04399909,-0.07332867,0.7025858,0.706442,272.3971,272.7303,257.7498,1.629053,0.7797967,-2.302263,-0.113966,0.1174323,0.6737309,0.7206303,273.8112,13.64952,185.1955
0.2114428,1,0,-1.64,0,0,1,0,0,180,0,1,0,-1.64,0,0,1,0,0,180,0,1.35531,0.8284199,-2.503963,0.196086,-0.007550711,0.9799966,0.03316785,356.1026,157.3739,359.8971,1.722651,0.7833112,-2.296598,0.04400764,-0.07333574,0.7026048,0.7064219,272.3965,272.6548,257.824,1.628909,0.7797107,-2.302113,-0.1141423,0.1176877,0.6736784,0.7206099,273.8142,13.7604,185.1201
0.2336888,1,0,-1.64,0,0,1,0,0,180,0,1,0,-1.64,0,0,1,0,0,180,0,1.354955,0.8284072,-2.50429,0.1959541,-0.007874358,0.9800278,0.03294733,356.1201,157.3908,359.8552,1.722595,0.7832514,-2.296653,0.04398178,-0.07336444,0.7026612,0.7063643,272.3998,272.4226,258.056,1.629134,0.7793726,-2.302229,-0.1139546,0.1175737,0.6736264,0.7207068,273.8268,13.82359,185.0322
0.2559983,1,0,-1.64,0,0,1,0,0,180,0,1,0,-1.64,0,0,1,0,0,180,0,1.354865,0.8287159,-2.504524,0.1961739,-0.007504334,0.9799787,0.03318452,356.1018,157.3634,359.903,1.722522,0.7832726,-2.296674,0.04392413,-0.07330289,0.7027185,0.7063173,272.3984,272.2279,258.2603,1.62874,0.7796507,-2.301939,-0.1139482,0.1177023,0.6735933,0.7207178,273.8312,13.98771,184.8782
0.2780883,1,0,-1.64,0,0,1,0,0,180,0,1,0,-1.64,0,0,1,0,0,180,0,1.354653,0.8285828,-2.504504,0.1959714,-0.007759554,0.9800208,0.03307864,356.1079,157.3882,359.8711,1.722496,0.7832096,-2.296681,0.04390519,-0.07332379,0.7027201,0.7063147,272.4016,272.2104,258.2777,1.628752,0.7796306,-2.302066,-0.1138996,0.1176807,0.6737528,0.7205799,273.8073,14.04641,184.8136
0.3001109,1,0,-1.64,0,0,1,0,0,180,0,1,0,-1.64,0,0,1,0,0,180,0,1.354855,0.8288187,-2.504398,0.1959858,-0.007483201,0.9800111,0.03334488,356.0842,157.3851,359.9083,1.722491,0.7831915,-2.29665,0.04388551,-0.07336684,0.7027593,0.7062725,272.4058,272.0388,258.4474,1.628994,0.7794746,-2.30215,-0.1138477,0.1179111,0.6736402,0.7206557,273.8245,14.37701,184.4977
0.3115008,1,0,-1.64,0,0,1,0,0,180,0,1,0,-1.64,0,0,1,0,0,180,0,1.355007,0.8288672,-2.504304,0.1959957,-0.007438954,0.9800113,0.03329075,356.0913,157.3839,359.9121,1.722655,0.7832004,-2.296716,0.04394372,-0.07339374,0.702809,0.7062166,272.4023,271.8398,258.6394,1.628914,0.7793951,-2.302006,-0.1138913,0.11753,0.6736526,0.7206994,273.8242,13.8461,185.0009
0.3333673,1,0,-1.64,0,0,1,0,0,180,0,1,0,-1.64,0,0,1,0,0,180,0,1.35493,0.828593,-2.50428,0.195905,-0.007729016,0.9800315,0.03316347,356.0991,157.3957,359.8762,1.72268,0.7833199,-2.296662,0.04389131,-0.07339425,0.7028035,0.7062253,272.4066,271.8575,258.6259,1.628557,0.7795206,-2.301731,-0.1141966,0.1176916,0.6736156,0.7206593,273.8231,13.69147,185.1939
0.344652,1,0,-1.64,0,0,1,0,0,180,0,1,0,-1.64,0,0,1,0,0,180,0,1.354988,0.8285229,-2.504161,0.1958027,-0.007893333,0.9800484,0.03322886,356.0881,157.4082,359.8588,1.722714,0.7832541,-2.296715,0.04384413,-0.07350053,0.7027922,0.7062284,272.4193,271.8486,258.6301,1.62875,0.7794937,-2.302092,-0.1140834,0.1178096,0.6735744,0.7206964,273.8308,13.96416,184.9217
0.3667363,1,0,-1.64,0,0,1,0,0,180,0,1,0,-1.64,0,0,1,0,0,180,0,1.354724,0.8284584,-2.504325,0.195676,-0.008129395,0.9800761,0.03310086,356.0972,157.4241,359.8288,1.722565,0.7833848,-2.296669,0.0437746,-0.07344282,0.7027494,0.7062812,272.4211,272.0333,258.4557,1.628716,0.7794619,-2.301882,-0.1142211,0.1179419,0.6736492,0.7205831,273.8156,13.98678,184.9211
0.389013,1,0,-1.64,0,0,1,0,0,180,0,1,0,-1.64,0,0,1,0,0,180,0,1.354509,0.8283165,-2.50439,0.1954866,-0.008299361,0.9801177,0.03294695,356.1107,157.4471,359.8055,1.722565,0.7833185,-2.296607,0.04378991,-0.07339309,0.70282,0.7062153,272.4145,271.7887,258.7031,1.628914,0.7794793,-2.302173,-0.1141993,0.1177718,0.6737331,0.720536,273.804,13.81107,185.081
0.4113408,1,0,-1.64,0,0,1,0,0,180,0,1,0,-1.64,0,0,1,0,0,180,0,1.354051,0.8290752,-2.50492,0.1959441,-0.007594013,0.9800141,0.03347522,356.0671,157.3902,359.8986,1.722584,0.7831989,-2.296672,0.04377008,-0.07346641,0.7029032,0.706126,272.4205,271.4376,259.0499,1.628999,0.7794205,-2.302231,-0.1141442,0.1174767,0.673654,0.7206668,273.8196,13.48632,185.3771
0.4334281,1,0,-1.64,0,0,1,0,0,180,0,1,0,-1.64,0,0,1,0,0,180,0,1.354727,0.8284726,-2.504235,0.1957699,-0.007922212,0.9800516,0.0333221,356.077,157.412,359.8575,1.721812,0.7827893,-2.296903,0.04389831,-0.07359444,0.7024652,0.7065405,272.4289,273.0475,257.4191,1.628865,0.7795432,-2.302001,-0.1143308,0.1173223,0.673637,0.7206783,273.8201,13.07171,185.7943
0.4559341,1,0,-1.64,0,0,1,0,0,180,0,1,0,-1.64,0,0,1,0,0,180,0,1.354602,0.8282202,-2.504308,0.1956362,-0.008308109,0.9800846,0.03304052,356.1,157.4295,359.8072,1.722113,0.7829952,-2.296718,0.0439361,-0.0736146,0.7024708,0.7065305,272.4272,273.02,257.4419,1.628739,0.7794191,-2.301757,-0.1146001,0.1172747,0.673467,0.7208021,273.8423,12.67615,186.2082
0.4778592,1,0,-1.64,0,0,1,0,0,180,0,1,0,-1.64,0,0,1,0,0,180,0,1.35454,0.8279642,-2.504227,0.1952793,-0.008691087,0.9801568,0.03291151,356.106,157.4729,359.7598,1.722399,0.7832996,-2.296613,0.04397677,-0.07341862,0.7024434,0.7065755,272.409,273.2264,257.2481,1.6291,0.7795165,-2.302174,-0.114375,0.1171498,0.6735531,0.7207778,273.8338,12.79052,186.065
0.5000314,1,0,-1.64,0,0,1,0,0,180,0,1,0,-1.64,0,0,1,0,0,180,0,1.354369,0.8280849,-2.504362,0.1952669,-0.008865677,0.9801611,0.03281072,356.1134,157.4751,359.7378,1.722732,0.7833608,-2.296592,0.04390361,-0.07347252,0.7025469,0.7064716,272.417,272.7988,257.6773,1.628971,0.7796362,-2.301962,-0.1144046,0.1174313,0.6734586,0.7208156,273.8457,13.09752,185.7837
0.5222199,1,0,-1.64,0,0,1,0,0,180,0,1,0,-1.64,0,0,1,0,0,180,0,1.354039,0.8283385,-2.504697,0.1954952,-0.008620555,0.9801148,0.03290082,356.1087,157.4474,359.7683,1.722818,0.7834125,-2.296563,0.04384479,-0.07346041,0.7026255,0.7063985,272.4191,272.5013,257.9806,1.629202,0.779644,-2.302315,-0.114102,0.1172319,0.6733302,0.7210159,273.873,13.17535,185.6648
0.5334403,1,0,-1.64,0,0,1,0,0,180,0,1,0,-1.64,0,0,1,0,0,180,0,1.354027,0.828758,-2.504695,0.1958304,-0.008103302,0.9800391,0.03328887,356.0766,157.4057,359.8366,1.722897,0.7833126,-2.296601,0.04382443,-0.07357125,0.7026647,0.7063492,272.4287,272.2981,258.1764,1.629005,0.779506,-2.301963,-0.1144326,0.1174789,0.6732717,0.720978,273.8741,13.09746,185.7901
0.5555794,1,0,-1.64,0,0,1,0,0,180,0,1,0,-1.64,0,0,1,0,0,180,0,1.354105,0.8282945,-2.50445,0.1956228,-0.008494196,0.9800882,0.03296675,356.1041,157.4319,359.7845,1.722773,0.7833993,-2.296604,0.04382909,-0.07356827,0.7027031,0.7063109,272.4276,272.1541,258.3203,1.628928,0.7795507,-2.302092,-0.1144096,0.1176185,0.6730346,0.7211801,273.9106,13.26182,185.6356
0.5668958,1,0,-1.64,0,0,1,0,0,180,0,1,0,-1.64,0,0,1,0,0,180,0,1.353947,0.8285762,-2.504783,0.1957628,-0.008095409,0.9800521,0.03330594,356.0749,157.4135,359.8376,1.72273,0.7833748,-2.296689,0.04378075,-0.07355592,0.702741,0.7062775,272.4299,272.0132,258.4661,1.629009,0.7794148,-2.302052,-0.1143549,0.117326,0.6731698,0.7211102,273.8928,12.98069,185.888
0.5889092,1,0,-1.64,0,0,1,0,0,180,0,1,0,-1.64,0,0,1,0,0,180,0,1.354062,0.8287373,-2.504813,0.1959551,-0.00782503,0.9800085,0.03352265,356.0565,157.3897,359.8737,1.722603,0.7834048,-2.296649,0.04377005,-0.07347088,0.7026894,0.7063383,272.4248,272.2476,258.2395,1.629058,0.7794686,-2.302074,-0.1142267,0.1173211,0.673255,0.7210519,273.8817,13.13301,185.7247
0.6110538,1,0,-1.64,0,0,1,0,0,180,0,1,0,-1.64,0,0,1,0,0,180,0,1.354551,0.8285315,-2.504385,0.195919,-0.00790285,0.9800178,0.03344434,356.0636,157.3943,359.863,1.72249,0.7834132,-2.296664,0.04380066,-0.07332594,0.7027459,0.7062953,272.4097,272.1032,258.3932,1.628704,0.7795371,-2.301772,-0.1144526,0.1173135,0.6732592,0.7210133,273.877,12.86619,186.0095
0.6225043,1,0,-1.64,0,0,1,0,0,180,0,1,0,-1.64,0,0,1,0,0,180,0,1.354692,0.8289559,-2.504538,0.1960477,-0.007422411,0.9799852,0.03375426,356.0396,157.3771,359.9246,1.722516,0.7833622,-2.296698,0.04381964,-0.07340154,0.7026598,0.7063719,272.416,272.3968,258.0919,1.629195,0.7792137,-2.302113,-0.1145884,0.1172547,0.6734566,0.720817,273.8443,12.66315,186.2186
0.6447866,1,0,-1.64,0,0,1,0,0,180,0,1,0,-1.64,0,0,1,0,0,180,0,1.354732,0.8293682,-2.504617,0.1961907,-0.00693959,0.9799547,0.03391005,356.0329,157.3583,359.983,1.72259,0.7833538,-2.2967,0.04396649,-0.07339635,0.7026903,0.706333,272.403,272.2945,258.1827,1.62907,0.7793937,-2.30207,-0.1147499,0.1175125,0.6734478,0.7207574,273.8407,12.79998,186.1163
0.6665761,1,0,-1.64,0,0,1,0,0,180,0,1,0,-1.64,0,0,1,0,0,180,0,1.355212,0.8288338,-2.504079,0.1960787,-0.007328441,0.9799832,0.03365055,356.0533,157.3732,359.933,1.72268,0.7831879,-2.296677,0.0438161,-0.07343268,0.7027386,0.7062905,272.4172,272.082,258.4045,1.628836,0.7795533,-2.301797,-0.1148683,0.1175805,0.6735267,0.7206538,273.8257,12.75954,186.1719
0.6779466,1,0,-1.64,0,0,1,0,0,180,0,1,0,-1.64,0,0,1,0,0,180,0,1.354678,0.8288846,-2.504534,0.1962955,-0.007297348,0.9799364,0.03375854,356.0419,157.3476,359.9398,1.722609,0.7832327,-2.29664,0.04391652,-0.07342586,0.7027417,0.7062819,272.4083,272.0804,258.3985,1.629205,0.7795483,-2.302234,-0.1147274,0.1175013,0.6735129,0.7207021,273.8309,12.82086,186.0925
0.7000222,1,0,-1.64,0,0,1,0,0,180,0,1,0,-1.64,0,0,1,0,0,180,0,1.355041,0.8284019,-2.504245,0.1960085,-0.007779495,0.9799989,0.03350126,356.06,157.3833,359.8785,1.721673,0.782661,-2.297007,0.04392518,-0.07360108,0.7024005,0.7066025,272.4287,273.2912,257.1727,1.629,0.7797576,-2.301985,-0.1146861,0.1174228,0.6736975,0.7205488,273.8033,12.79466,186.1087
0.7120933,1,0,-1.64,0,0,1,0,0,180,0,1,0,-1.64,0,0,1,0,0,180,0,1.355041,0.8283893,-2.504234,0.1960348,-0.00770263,0.9799955,0.03346494,356.0658,157.38,359.8865,1.721604,0.782631,-2.297033,0.0439207,-0.07358816,0.7023967,0.7066078,272.4283,273.3115,257.1538,1.628996,0.779774,-2.301987,-0.1147095,0.1174719,0.673658,0.7205741,273.8088,12.82439,186.085
0.7382905,1,0,-1.64,0,0,1,0,0,180,0,1,0,-1.64,0,0,1,0,0,180,0,1.35476,0.8285023,-2.50458,0.1960483,-0.00781354,0.9799901,0.03351733,356.0574,157.3788,359.8752,1.722404,0.7832205,-2.296645,0.04383354,-0.07349043,0.7024424,0.706578,272.4263,273.1787,257.3017,1.629124,0.7796562,-2.301994,-0.1147837,0.1175121,0.6738223,0.7204021,273.7814,12.81159,186.1071
0.7606109,1,0,-1.64,0,0,1,0,0,180,0,1,0,-1.64,0,0,1,0,0,180,0,1.354573,0.8283318,-2.504526,0.1958678,-0.008144174,0.9800271,0.03341328,356.0617,157.4013,359.835,1.722635,0.7833603,-2.296536,0.04383096,-0.07347534,0.7024834,0.7065389,272.4246,273.0309,257.4509,1.629042,0.7797681,-2.302104,-0.1147177,0.1175743,0.673826,0.720399,273.7815,12.96909,185.9493
0.7829569,1,0,-1.64,0,0,1,0,0,180,0,1,0,-1.64,0,0,1,0,0,180,0,1.354232,0.8287427,-2.504855,0.1959719,-0.007880758,0.9800044,0.03353269,356.0542,157.388,359.8677,1.722818,0.7833691,-2.296608,0.04376425,-0.07345791,0.7024937,0.7065347,272.4283,272.994,257.4946,1.628989,0.779657,-2.302064,-0.1147261,0.117357,0.6737116,0.72054,273.8011,12.66627,186.235
0.8052735,1,0,-1.64,0,0,1,0,0,180,0,1,0,-1.64,0,0,1,0,0,180,0,1.354889,0.8283118,-2.504252,0.1959267,-0.008119983,0.9800172,0.03336293,356.0679,157.3944,359.8368,1.722841,0.7834263,-2.296607,0.04382383,-0.07347675,0.7025871,0.7064362,272.4231,272.637,257.8452,1.629333,0.7796522,-2.302331,-0.114534,0.1175575,0.6734483,0.720784,273.8441,13.1058,185.7964
0.8272784,1,0,-1.64,0,0,1,0,0,180,0,1,0,-1.64,0,0,1,0,0,180,0,1.354304,0.8289366,-2.504969,0.196172,-0.007479586,0.9799593,0.03376912,356.0366,157.3627,359.919,1.722825,0.78344,-2.296703,0.04380028,-0.0734474,0.7026258,0.7064022,272.4218,272.5023,257.9842,1.629163,0.7796691,-2.301823,-0.1147123,0.117491,0.6734337,0.7207801,273.8438,12.81454,186.0969
0.8493252,1,0,-1.64,0,0,1,0,0,180,0,1,0,-1.64,0,0,1,0,0,180,0,1.355239,0.8288032,-2.504147,0.1960348,-0.007554788,0.9799867,0.03375452,356.0366,157.379,359.9097,1.722679,0.7833658,-2.29661,0.04377277,-0.07342138,0.7026535,0.706379,272.4215,272.4073,258.0836,1.629129,0.7794969,-2.301876,-0.1147573,0.1173278,0.6736441,0.720603,273.8114,12.58391,186.3176
0.8715728,1,0,-1.64,0,0,1,0,0,180,0,1,0,-1.64,0,0,1,0,0,180,0,1.355111,0.8289543,-2.504311,0.1962254,-0.007231746,0.979941,0.03404361,356.0113,157.3551,359.9533,1.722718,0.7832803,-2.296587,0.0438161,-0.07349332,0.7027428,0.7062801,272.4219,272.038,258.4436,1.629328,0.7794634,-2.30215,-0.1146512,0.1172727,0.6736423,0.7206305,273.8139,12.63747,186.2508
0.8937657,1,0,-1.64,0,0,1,0,0,180,0,1,0,-1.64,0,0,1,0,0,180,0,1.352872,0.8272738,-2.505528,0.1964348,-0.007318106,0.9798864,0.03438778,355.9707,157.3304,359.9522,1.722621,0.7832529,-2.296587,0.04378403,-0.07343821,0.702769,0.7062617,272.4195,271.9617,258.5269,1.6292,0.7793975,-2.301965,-0.1147446,0.117102,0.6737753,0.7205191,273.7931,12.32802,186.5538
0.9050683,1,0,-1.64,0,0,1,0,0,180,0,1,0,-1.64,0,0,1,0,0,180,0,1.353394,0.8273337,-2.504856,0.1962104,-0.007598897,0.9799347,0.03423187,355.9819,157.358,359.9162,1.722526,0.7833376,-2.296566,0.04375759,-0.07336445,0.7027497,0.7062902,272.4162,272.0676,258.4292,1.629128,0.7796754,-2.302105,-0.1146725,0.1170546,0.6738731,0.7204467,273.7794,12.36394,186.508
0.927281,1,0,-1.64,0,0,1,0,0,180,0,1,0,-1.64,0,0,1,0,0,180,0,1.353556,0.8275183,-2.504651,0.1961615,-0.007831396,0.9799508,0.03399687,356.0031,157.3649,359.8845,1.722514,0.7832673,-2.296667,0.04374672,-0.07332745,0.7028083,0.7062364,272.4131,271.861,258.6397,1.629097,0.7796587,-2.302135,-0.1146772,0.117076,0.6738965,0.7204206,273.7753,12.38853,186.4855
0.9493703,1,0,-1.64,0,0,1,0,0,180,0,1,0,-1.64,0,0,1,0,0,180,0,1.354053,0.8278537,-2.504372,0.1960848,-0.007790985,0.9799697,0.03390535,356.0143,157.3739,359.8867,1.722522,0.7832357,-2.296692,0.04383668,-0.07332169,0.7027965,0.7062431,272.4056,271.9141,258.5797,1.629213,0.7793844,-2.302087,-0.1148644,0.1171024,0.6739473,0.720339,273.764,12.2076,186.6839
0.9716024,1,0,-1.64,0,0,1,0,0,180,0,1,0,-1.64,0,0,1,0,0,180,0,1.354189,0.8284624,-2.504604,0.1962048,-0.007513552,0.9799431,0.03404134,356.0052,157.3586,359.9214,1.722533,0.7832022,-2.296678,0.04377309,-0.07341348,0.7028097,0.7062244,272.4178,271.8175,258.674,1.629064,0.7795726,-2.302062,-0.114704,0.1169177,0.6740734,0.7202765,273.7487,12.17461,186.6885
0.9941025,1,0,-1.64,0,0,1,0,0,180,0,1,0,-1.64,0,0,1,0,0,180,0,1.354482,0.8288025,-2.504627,0.1964266,-0.007252115,0.9798935,0.03424514,355.9882,157.3313,359.9564,1.722559,0.7831821,-2.296746,0.04389491,-0.07348604,0.7028312,0.7061879,272.4133,271.7096,258.7661,1.629149,0.7795855,-2.302045,-0.1146105,0.1165728,0.6742162,0.7202137,273.7311,11.85617,186.9708
1.005456,1,0,-1.64,0,0,1,0,0,180,0,1,0,-1.64,0,0,1,0,0,180,0,1.354655,0.8292135,-2.504607,0.19658,-0.006886804,0.9798632,0.034307,355.9895,157.3119,-0.0004660744,1.722693,0.7832473,-2.296704,0.0438651,-0.07343751,0.7028394,0.7061867,272.4116,271.699,258.7831,1.629189,0.7796004,-2.301997,-0.1146051,0.1165982,0.6742045,0.7202215,273.7328,11.89436,186.9342
1.016774,1,0,-1.64,0,0,1,0,0,180,0,1,0,-1.64,0,0,1,0,0,180,0,1.355028,0.8287009,-2.504153,0.196405,-0.007349641,0.9799043,0.0340398,356.0091,157.3345,359.9407,1.722508,0.7832919,-2.296635,0.04388402,-0.07337079,0.702769,0.7062625,272.4062,271.9997,258.4863,1.629214,0.7795584,-2.301998,-0.1145254,0.1164302,0.6741958,0.7202693,273.7372,11.77155,187.0367
1.03873,1,0,-1.64,0,0,1,0,0,180,0,1,0,-1.64,0,0,1,0,0,180,0,1.354859,0.8283154,-2.50415,0.1962132,-0.007740974,0.9799575,0.03352449,356.0582,157.3592,359.8842,1.722557,0.7833211,-2.296674,0.04391202,-0.07338165,0.7028058,0.706223,272.4041,271.8556,258.6272,1.629022,0.7796341,-2.301978,-0.1144764,0.116753,0.6739411,0.7204632,273.7747,12.21716,186.6138
1.060962,1,0,-1.64,0,0,1,0,0,180,0,1,0,-1.64,0,0,1,0,0,180,0,1.354769,0.8287068,-2.504503,0.1963676,-0.007549753,0.9799202,0.03375219,356.0369,157.3401,359.9115,1.722533,0.7832363,-2.296691,0.04392816,-0.07344487,0.7027886,0.7062325,272.408,271.8933,258.5831,1.628986,0.7795003,-2.30193,-0.114545,0.1168192,0.6741581,0.7202386,273.739,12.24634,186.5955
1.072982,1,0,-1.64,0,0,1,0,0,180,0,1,0,-1.64,0,0,1,0,0,180,0,1.354889,0.8286686,-2.504482,0.1964316,-0.007551036,0.9799083,0.03372281,356.0402,157.3326,359.911,1.72253,0.7832231,-2.296668,0.04396705,-0.07339175,0.7027502,0.7062738,272.4015,272.0674,258.4102,1.629186,0.7792366,-2.301916,-0.1146961,0.1169025,0.674183,0.7201778,273.7318,12.17696,186.6841
1.094448,1,0,-1.64,0,0,1,0,0,180,0,1,0,-1.64,0,0,1,0,0,180,0,1.354893,0.8291754,-2.504662,0.196808,-0.006812456,0.9798195,0.03426285,355.9961,157.285,0.007837294,1.722611,0.7833022,-2.296657,0.04396698,-0.07340153,0.7027704,0.7062527,272.4019,271.9854,258.4913,1.628749,0.7796647,-2.301946,-0.1147456,0.1170203,0.6740046,0.7203177,273.7579,12.24942,186.6255
1.116019,1,0,-1.64,0,0,1,0,0,180,0,1,0,-1.64,0,0,1,0,0,180,0,1.355118,0.8287362,-2.504245,0.1965811,-0.007171749,0.9798769,0.03384857,356.0346,157.3135,359.9571,1.721201,0.7823096,-2.297334,0.04412317,-0.07363227,0.7023921,0.7065952,272.4154,273.3289,257.1163,1.629253,0.7796623,-2.302296,-0.1144454,0.1169684,0.6739688,0.7204074,273.769,12.53276,186.3133
1.127632,1,0,-1.64,0,0,1,0,0,180,0,1,0,-1.64,0,0,1,0,0,180,0,1.355214,0.8287148,-2.504271,0.1966099,-0.007105769,0.9798687,0.03393326,356.0266,157.3098,359.9666,1.72096,0.782245,-2.297297,0.04408028,-0.07364702,0.7023647,0.7066236,272.4207,273.4206,257.027,1.628925,0.7795501,-2.301814,-0.1144528,0.1172513,0.673924,0.7204022,273.7735,12.88064,185.9893
1.149243,1,0,-1.64,0,0,1,0,0,180,0,1,0,-1.64,0,0,1,0,0,180,0,1.354938,0.8283838,-2.504364,0.1965818,-0.007505506,0.9798802,0.03367637,356.0464,157.3149,359.9156,1.721691,0.782831,-2.296833,0.04409168,-0.07346577,0.7024016,0.7066051,272.4045,273.3746,257.0868,1.628958,0.7795243,-2.302039,-0.1145419,0.1170034,0.6738465,0.7205007,273.7863,12.44865,186.4083
1.160857,1,0,-1.64,0,0,1,0,0,180,0,1,0,-1.64,0,0,1,0,0,180,0,1.35496,0.8284425,-2.504373,0.1966211,-0.007408005,0.9798748,0.03362444,356.0544,157.31,359.9256,1.721853,0.7829331,-2.296708,0.04409421,-0.07347115,0.7023718,0.7066339,272.4054,273.4854,256.9753,1.628859,0.779393,-2.301852,-0.1147518,0.1174749,0.6737695,0.7204626,273.7906,12.79419,186.1189
1.172263,1,0,-1.64,0,0,1,0,0,180,0,1,0,-1.64,0,0,1,0,0,180,0,1.354717,0.828598,-2.504663,0.196829,-0.00724713,0.9798294,0.03376669,356.0421,157.2849,359.9478,1.722346,0.7831372,-2.296672,0.04404645,-0.07344523,0.7024449,0.706567,272.4055,273.2152,257.2516,1.628818,0.7793966,-2.301874,-0.1147076,0.11737,0.6738278,0.7204322,273.7831,12.71988,186.1808
1.194144,1,0,-1.64,0,0,1,0,0,180,0,1,0,-1.64,0,0,1,0,0,180,0,1.354711,0.8288521,-2.504592,0.1969363,-0.006934871,0.9798031,0.0339684,356.0264,157.2709,359.9879,1.722608,0.7833496,-2.296617,0.04407395,-0.07338286,0.7024565,0.7065603,272.3982,273.2054,257.2642,1.629141,0.779337,-2.302178,-0.1146436,0.1173087,0.673611,0.720655,273.8188,12.68768,186.203
1.216458,1,0,-1.64,0,0,1,0,0,180,0,1,0,-1.64,0,0,1,0,0,180,0,1.354606,0.8283304,-2.504454,0.1967385,-0.007521369,0.9798499,0.0336409,356.05,157.2967,359.9137,1.722682,0.7833715,-2.296582,0.04403703,-0.07332357,0.7024991,0.7065263,272.3955,273.0685,257.4089,1.629011,0.7794494,-2.302195,-0.1146281,0.1172989,0.6735606,0.7207062,273.827,12.68662,186.202
1.238739,1,0,-1.64,0,0,1,0,0,180,0,1,0,-1.64,0,0,1,0,0,180,0,1.351668,0.8273035,-2.506052,0.1971539,-0.007061877,0.979748,0.0342684,355.9898,157.2454,359.9813,1.722748,0.7834301,-2.296515,0.04392666,-0.07344414,0.7025367,0.7064833,272.4131,272.8538,257.6228,1.628877,0.7796059,-2.301961,-0.1145604,0.1174981,0.6734278,0.7208087,273.8473,12.99763,185.9019
1.250045,1,0,-1.64,0,0,1,0,0,180,0,1,0,-1.64,0,0,1,0,0,180,0,1.352708,0.8273456,-2.505074,0.1969237,-0.00731062,0.9798035,0.03395262,356.0197,157.2738,359.9452,1.722703,0.783415,-2.296525,0.04392372,-0.0734183,0.7025664,0.7064566,272.4107,272.7531,257.7258,1.628857,0.7796053,-2.30194,-0.1145455,0.1173969,0.6734174,0.7208372,273.85,12.88604,186.004
1.271999,1,0,-1.64,0,0,1,0,0,180,0,1,0,-1.64,0,0,1,0,0,180,0,1.35287,0.8280947,-2.505363,0.1971609,-0.006774563,0.9797497,0.03423778,355.9998,157.2435,0.01297749,1.722804,0.7833425,-2.296622,0.04387161,-0.07339892,0.7026541,0.7063746,272.4114,272.4238,258.0609,1.628935,0.7796628,-2.302169,-0.1142287,0.1174214,0.6734023,0.7208976,273.8579,13.27861,185.5874
1.294152,1,0,-1.64,0,0,1,0,0,180,0,1,0,-1.64,0,0,1,0,0,180,0,1.353749,0.8282587,-2.504892,0.1969092,-0.006914533,0.9798024,0.03415127,356.0063,157.2737,359.9942,1.722764,0.7833763,-2.296619,0.04384862,-0.07341834,0.702657,0.7063712,272.4149,272.4018,258.0832,1.629089,0.7793782,-2.301947,-0.1143948,0.1173508,0.6735051,0.7207867,273.8393,13.01436,185.8594
1.316295,1,0,-1.64,0,0,1,0,0,180,0,1,0,-1.64,0,0,1,0,0,180,0,1.35382,0.828575,-2.505059,0.1970782,-0.006630066,0.9797691,0.03418881,356.0085,157.2527,0.02779141,1.721164,0.7824645,-2.297174,0.04387876,-0.07356904,0.7023011,0.7067074,272.4322,273.6767,256.7936,1.628979,0.7795841,-2.301986,-0.1143836,0.1173907,0.6733885,0.7208909,273.8575,13.06032,185.8159
1.338662,1,0,-1.64,0,0,1,0,0,180,0,1,0,-1.64,0,0,1,0,0,180,0,1.354294,0.8283734,-2.504741,0.1967934,-0.007031994,0.9798335,0.03389839,356.0321,157.2881,359.9748,1.721597,0.7827622,-2.297059,0.04400861,-0.07350787,0.7023225,0.7066845,272.4164,273.6437,256.821,1.628835,0.7796381,-2.302081,-0.1143296,0.1174186,0.6735144,0.7207773,273.8385,13.17641,185.6976
1.360754,1,0,-1.64,0,0,1,0,0,180,0,1,0,-1.64,0,0,1,0,0,180,0,1.354637,0.8281903,-2.504534,0.1967125,-0.007326976,0.9798541,0.03371208,356.0464,157.2989,359.9371,1.722242,0.783115,-2.296795,0.04392757,-0.07345191,0.7023779,0.7066404,272.4172,273.4531,257.0228,1.628768,0.7797129,-2.302216,-0.1140946,0.1170752,0.673459,0.7209222,273.8541,13.00662,185.8199
1.371996,1,0,-1.64,0,0,1,0,0,180,0,1,0,-1.64,0,0,1,0,0,180,0,1.35464,0.8283723,-2.504573,0.1966297,-0.007316777,0.9798685,0.03377818,356.0392,157.3085,359.9394,1.722485,0.7832102,-2.296643,0.0439596,-0.07338829,0.7023967,0.7066262,272.4092,273.4178,257.0606,1.628902,0.7794085,-2.302092,-0.1142771,0.1169356,0.6736519,0.7207357,273.8219,12.64655,186.1833
1.38309,1,0,-1.64,0,0,1,0,0,180,0,1,0,-1.64,0,0,1,0,0,180,0,1.35444,0.8282508,-2.504601,0.1964633,-0.007761332,0.9799114,0.03340137,356.0716,157.3302,359.8802,1.722551,0.7832451,-2.29668,0.04400351,-0.07342634,0.7024275,0.706589,272.4078,273.2863,257.1855,1.629107,0.7791394,-2.302105,-0.1144468,0.1169251,0.6737984,0.7205735,273.7961,12.45437,186.3884
1.40516,1,0,-1.64,0,0,1,0,0,180,0,1,0,-1.64,0,0,1,0,0,180,0,1.354131,0.8284812,-2.505022,0.1967707,-0.007571925,0.9798467,0.03353217,356.0611,157.2933,359.9057,1.722501,0.7832966,-2.296606,0.04392982,-0.07337364,0.7024317,0.7065948,272.4096,273.2889,257.1931,1.629114,0.7790946,-2.30192,-0.1144892,0.1167897,0.6738921,0.7205011,273.7819,12.24322,186.5919
1.416336,1,0,-1.64,0,0,1,0,0,180,0,1,0,-1.64,0,0,1,0,0,180,0,1.354298,0.8285335,-2.504905,0.1967773,-0.007469106,0.9798442,0.03359238,356.0566,157.2921,359.9186,1.722517,0.7833152,-2.296586,0.04392749,-0.07337767,0.7024274,0.7065988,272.4102,273.3029,257.179,1.629061,0.7791281,-2.301992,-0.1145269,0.1168172,0.6739391,0.7204467,273.7737,12.23948,186.6009
1.438856,1,0,-1.64,0,0,1,0,0,180,0,1,0,-1.64,0,0,1,0,0,180,0,1.354165,0.8283324,-2.504838,0.1966987,-0.007762145,0.9798627,0.03344462,356.0667,157.3025,359.882,1.72274,0.7833043,-2.296667,0.04388404,-0.07348868,0.7025349,0.7064831,272.4203,272.8345,257.6419,1.629043,0.7793602,-2.301855,-0.1148926,0.1166802,0.6739644,0.720387,273.765,11.6348,187.2243
1.460711,1,0,-1.64,0,0,1,0,0,180,0,1,0,-1.64,0,0,1,0,0,180,0,1.35419,0.8286453,-2.504869,0.1969003,-0.007473424,0.9798186,0.03361389,356.0541,157.2776,359.9191,1.722761,0.7833472,-2.29666,0.04386078,-0.07348451,0.7025583,0.7064617,272.4212,272.7456,257.7331,1.628975,0.7797497,-2.301983,-0.11477,0.1167227,0.6740729,0.7202981,273.7496,11.84505,187.0074
1.483121,1,0,-1.64,0,0,1,0,0,180,0,1,0,-1.64,0,0,1,0,0,180,0,1.35431,0.828325,-2.504632,0.1967105,-0.007926757,0.9798625,0.03334292,356.0744,157.3019,359.8612,1.722718,0.7832987,-2.296615,0.04383054,-0.07359049,0.7025746,0.7064364,272.4317,272.6299,257.8425,1.629068,0.779543,-2.301964,-0.1148765,0.1164897,0.6742785,0.7201264,273.718,11.43607,187.4058
1.505186,1,0,-1.64,0,0,1,0,0,180,0,1,0,-1.64,0,0,1,0,0,180,0,1.354133,0.8279674,-2.504739,0.1964994,-0.008286774,0.979909,0.03313175,356.09,157.3283,359.8151,1.722645,0.7832429,-2.296718,0.04387192,-0.07361525,0.7026749,0.7063314,272.4283,272.242,258.225,1.628938,0.7796631,-2.302215,-0.1145827,0.1165009,0.674138,0.7203029,273.7445,11.7887,187.0301
1.527934,1,0,-1.64,0,0,1,0,0,180,0,1,0,-1.64,0,0,1,0,0,180,0,1.353597,0.8287545,-2.505282,0.1969125,-0.007611352,0.9798184,0.03351942,356.0616,157.2769,359.9015,1.722538,0.7833013,-2.296737,0.0438576,-0.07360129,0.7026923,0.7063165,272.428,272.1818,258.2876,1.628933,0.7794034,-2.302055,-0.1147512,0.1169326,0.6741474,0.7201973,273.7362,12.14617,186.7219
1.549571,1,0,-1.64,0,0,1,0,0,180,0,1,0,-1.64,0,0,1,0,0,180,0,1.353745,0.8286798,-2.505185,0.1971667,-0.007305148,0.9797616,0.03375109,356.0425,157.2456,359.9423,1.722575,0.7833185,-2.29669,0.04388735,-0.0735094,0.7027537,0.7062631,272.4171,271.9936,258.4809,1.628924,0.7795154,-2.302179,-0.1146681,0.1169526,0.6740438,0.7203043,273.7536,12.25869,186.6043
1.571291,1,0,-1.64,0,0,1,0,0,180,0,1,0,-1.64,0,0,1,0,0,180,0,1.35375,0.8282226,-2.505016,0.1969022,-0.007726663,0.9798145,0.03366755,356.0424,157.2783,359.8918,1.722567,0.7832383,-2.296633,0.04383845,-0.07345505,0.7027506,0.7062749,272.4169,272.0275,258.4553,1.62891,0.7796456,-2.301998,-0.1142717,0.1172312,0.6739515,0.7204084,273.7726,13.07184,185.7816
1.593516,1,0,-1.64,0,0,1,0,0,180,0,1,0,-1.64,0,0,1,0,0,180,0,1.353882,0.8286487,-2.504963,0.1970791,-0.007116518,0.9797724,0.03398902,356.02,157.2548,359.9685,1.722566,0.7832526,-2.296673,0.04384562,-0.0735499,0.7027825,0.7062328,272.4232,271.8627,258.6118,1.628836,0.7796946,-2.301978,-0.1141475,0.1175129,0.6738291,0.7204967,273.7919,13.558,185.3085
1.615649,1,0,-1.64,0,0,1,0,0,180,0,1,0,-1.64,0,0,1,0,0,180,0,1.353898,0.8283492,-2.504786,0.1968825,-0.007433142,0.9798144,0.03385099,356.0284,157.2792,359.929,1.722521,0.7831697,-2.296684,0.04379793,-0.07354287,0.7027912,0.7062278,272.4261,271.8301,258.6489,1.628998,0.7794994,-2.302132,-0.1141598,0.1176008,0.673618,0.7206777,273.8241,13.61947,185.2554
1.637898,1,0,-1.64,0,0,1,0,0,180,0,1,0,-1.64,0,0,1,0,0,180,0,1.354158,0.8279002,-2.504442,0.1967749,-0.00754883,0.9798419,0.0336539,356.0479,157.2925,359.911,1.722528,0.7831357,-2.29669,0.04376071,-0.07355063,0.7027725,0.7062479,272.4304,271.895,258.5864,1.628734,0.7796271,-2.301918,-0.1141468,0.1175879,0.673645,0.7206568,273.8201,13.62279,185.25
1.660329,1,0,-1.64,0,0,1,0,0,180,0,1,0,-1.64,0,0,1,0,0,180,0,1.354361,0.8284805,-2.504715,0.1969595,-0.007289889,0.9798012,0.03381474,356.0357,157.2697,359.9446,1.722509,0.7831842,-2.296617,0.0437421,-0.07347313,0.7028214,0.7062085,272.4247,271.7441,258.7451,1.628828,0.7796164,-2.302045,-0.1141485,0.1175629,0.6735426,0.7207562,273.8363,13.5718,185.2991
1.671503,1,0,-1.64,0,0,1,0,0,180,0,1,0,-1.64,0,0,1,0,0,180,0,1.354375,0.8284897,-2.50469,0.1969207,-0.00728269,0.9798103,0.03377898,356.0399,157.2743,359.9444,1.722535,0.7832782,-2.296635,0.04372517,-0.07346739,0.7028136,0.7062179,272.4258,271.7751,258.7159,1.628838,0.7796223,-2.302049,-0.1141928,0.1175632,0.6735138,0.720776,273.8399,13.51628,185.3583
1.693713,1,0,-1.64,0,0,1,0,0,180,0,1,0,-1.64,0,0,1,0,0,180,0,1.354544,0.828361,-2.504494,0.1967684,-0.007427652,0.9798406,0.0337571,356.0391,157.2927,359.927,1.722677,0.7832692,-2.296662,0.043821,-0.07350317,0.7028232,0.7061988,272.4207,271.7282,258.7521,1.629203,0.7792858,-2.301967,-0.1142366,0.1175514,0.6735782,0.7207109,273.8292,13.46153,185.4156
1.71585,1,0,-1.64,0,0,1,0,0,180,0,1,0,-1.64,0,0,1,0,0,180,0,1.353777,0.8288518,-2.505072,0.1970804,-0.006738548,0.9797693,0.03414807,356.0107,157.253,0.01466831,1.7226,0.7832741,-2.296636,0.04378257,-0.07342184,0.7028544,0.7061785,272.4168,271.6441,258.846,1.629213,0.7792381,-2.301932,-0.1144827,0.1173815,0.6735662,0.7207106,273.828,12.9603,185.9231
1.737917,1,0,-1.64,0,0,1,0,0,180,0,1,0,-1.64,0,0,1,0,0,180,0,1.354187,0.8290136,-2.504869,0.1971118,-0.006548119,0.9797595,0.03428378,355.9997,157.2484,0.03930382,1.722576,0.7831929,-2.296757,0.04386997,-0.07343562,0.7028924,0.7061338,272.4101,271.4974,258.9844,1.628944,0.7795383,-2.301938,-0.1145711,0.1175271,0.6735609,0.7206779,273.826,13.04112,185.8615
1.759973,1,0,-1.64,0,0,1,0,0,180,0,1,0,-1.64,0,0,1,0,0,180,0,1.354433,0.8286363,-2.504656,0.1968907,-0.006898392,0.9798088,0.03407665,356.0151,157.2759,-0.005712589,1.722477,0.783205,-2.296694,0.04378845,-0.07349399,0.7028793,0.7061458,272.4216,271.5171,258.9666,1.628997,0.7796569,-2.302146,-0.1143942,0.1175891,0.6736909,0.7205743,273.8084,13.34497,185.5482
1.771185,1,0,-1.64,0,0,1,0,0,180,0,1,0,-1.64,0,0,1,0,0,180,0,1.354439,0.8286359,-2.50465,0.1968711,-0.006927629,0.9798119,0.03409341,356.0125,157.2783,359.9913,1.722425,0.7832587,-2.296657,0.04377121,-0.07342474,0.7028463,0.706187,272.4182,271.6731,258.8177,1.628908,0.7799148,-2.302107,-0.1141012,0.1177361,0.6735779,0.7207024,273.8305,13.85134,185.0299
1.79332,1,0,-1.64,0,0,1,0,0,180,0,1,0,-1.64,0,0,1,0,0,180,0,1.35452,0.8281283,-2.504467,0.1965595,-0.007582912,0.9798821,0.03373414,356.0382,157.3177,359.9081,1.72162,0.7828643,-2.296865,0.04391968,-0.07343127,0.7025468,0.706475,272.4125,272.8208,257.6573,1.629063,0.7795077,-2.301974,-0.1142676,0.1175476,0.6736155,0.7206718,273.8228,13.4269,185.4525
1.816225,1,0,-1.64,0,0,1,0,0,180,0,1,0,-1.64,0,0,1,0,0,180,0,1.354485,0.8284853,-2.504696,0.1968198,-0.007277118,0.9798312,0.03376162,356.042,157.2861,359.9442,1.720893,0.7822974,-2.297247,0.04411616,-0.07356337,0.7022638,0.7067304,272.4135,273.8507,256.6007,1.62923,0.7793902,-2.302008,-0.1144191,0.1173595,0.6738026,0.7205033,273.7923,13.04091,185.8353
1.838545,1,0,-1.64,0,0,1,0,0,180,0,1,0,-1.64,0,0,1,0,0,180,0,1.351819,0.8273654,-2.506406,0.1971781,-0.006662946,0.9797317,0.03467435,355.9532,157.2404,0.0355115,1.721481,0.782749,-2.296933,0.04405865,-0.07355956,0.7022334,0.7067646,272.4185,273.9604,256.4961,1.629274,0.7795256,-2.302134,-0.1144326,0.1170996,0.6737003,0.7206392,273.8101,12.68001,186.176
1.860687,1,0,-1.64,0,0,1,0,0,180,0,1,0,-1.64,0,0,1,0,0,180,0,1.352416,0.8279106,-2.505733,0.1974218,-0.006312401,0.9796814,0.03477491,355.9499,157.2103,0.07825363,1.722256,0.7832589,-2.29658,0.04408922,-0.07349381,0.7022761,0.7067271,272.4099,273.8373,256.622,1.629277,0.7793446,-2.301886,-0.1145164,0.1169532,0.6737918,0.7205641,273.7958,12.40779,186.4431
1.872081,1,0,-1.64,0,0,1,0,0,180,0,1,0,-1.64,0,0,1,0,0,180,0,1.353363,0.8284988,-2.505112,0.197633,-0.005893394,0.9796318,0.0350418,355.9294,157.1835,0.1323505,1.722661,0.7834365,-2.296527,0.04405792,-0.07333155,0.7023619,0.7066605,272.3976,273.5912,256.8839,1.62903,0.7796711,-2.301957,-0.114624,0.1169615,0.673551,0.7207707,273.8315,12.26429,186.5963
1.894463,1,0,-1.64,0,0,1,0,0,180,0,1,0,-1.64,0,0,1,0,0,180,0,1.353741,0.8288643,-2.505062,0.1977962,-0.005341187,0.9795914,0.03534048,355.9084,157.1618,0.2019705,1.722893,0.7834265,-2.296578,0.04405916,-0.0733562,0.702432,0.7065882,272.3978,273.3108,257.1622,1.629146,0.7793524,-2.301886,-0.1146199,0.1168395,0.6736561,0.7206929,273.8162,12.1267,186.7234
1.916064,1,0,-1.64,0,0,1,0,0,180,0,1,0,-1.64,0,0,1,0,0,180,0,1.354373,0.829222,-2.504763,0.1979749,-0.004853049,0.9795467,0.03564689,355.8851,157.1384,0.2646335,1.722937,0.7835772,-2.296549,0.04407344,-0.07328176,0.7024074,0.7066195,272.3914,273.4449,257.033,1.628931,0.779744,-2.301996,-0.1145725,0.1171366,0.6736806,0.7206293,273.8105,12.56146,186.3091
1.927372,1,0,-1.64,0,0,1,0,0,180,0,1,0,-1.64,0,0,1,0,0,180,0,1.35498,0.8288371,-2.504331,0.1976625,-0.005213066,0.979616,0.03542223,355.9021,157.1768,0.2176903,1.72308,0.7835787,-2.296578,0.04407388,-0.07329757,0.7024367,0.7065887,272.3919,273.3244,257.1521,1.628838,0.7798154,-2.302037,-0.1145411,0.1173981,0.6736698,0.7206019,273.8106,12.92835,185.9612
1.949561,1,0,-1.64,0,0,1,0,0,180,0,1,0,-1.64,0,0,1,0,0,180,0,1.355067,0.829173,-2.50455,0.1978762,-0.004815386,0.9795708,0.03553776,355.8982,157.15,0.265969,1.722922,0.7834054,-2.296695,0.04402112,-0.07336421,0.702541,0.7064814,272.3991,272.886,257.5894,1.628993,0.7797281,-2.302087,-0.114267,0.1174539,0.673655,0.7206501,273.8172,13.31519,185.5564
1.971532,1,0,-1.64,0,0,1,0,0,180,0,1,0,-1.64,0,0,1,0,0,180,0,1.35528,0.8294406,-2.504479,0.1980776,-0.004386892,0.9795216,0.03582746,355.8754,157.1242,0.3216409,1.722699,0.7833888,-2.296702,0.04403711,-0.07333063,0.7024795,0.7065451,272.3966,273.1399,257.337,1.629236,0.7795091,-2.302288,-0.1142716,0.1173787,0.6736948,0.7206244,273.8116,13.22075,185.645
1.993803,1,0,-1.64,0,0,1,0,0,180,0,1,0,-1.64,0,0,1,0,0,180,0,1.355477,0.8294905,-2.504437,0.1981555,-0.003961656,0.9794999,0.03603821,355.8614,157.113,0.3746312,1.722665,0.7832481,-2.296665,0.04400186,-0.07335789,0.7025315,0.7064927,272.4004,272.9236,257.5538,1.62924,0.77965,-2.302372,-0.1141129,0.1170226,0.6737216,0.7206824,273.8131,12.95729,185.8662
2.016071,1,0,-1.64,0,0,1,0,0,180,0,1,0,-1.64,0,0,1,0,0,180,0,1.356581,0.8288886,-2.503426,0.1976521,-0.004826158,0.9796218,0.03537694,355.916,157.1766,0.2601562,1.722646,0.7832535,-2.296687,0.04392991,-0.07337847,0.7025808,0.7064461,272.4067,272.7184,257.7633,1.629008,0.7797186,-2.302009,-0.1141653,0.1167483,0.6736991,0.7207397,273.818,12.54558,186.2597
2.027334,1,0,-1.64,0,0,1,0,0,180,0,1,0,-1.64,0,0,1,0,0,180,0,1.356489,0.8286992,-2.50345,0.197548,-0.004873837,0.9796423,0.03538403,355.914,157.189,0.2545169,1.722607,0.7832329,-2.296723,0.04394737,-0.07336861,0.7026268,0.7064002,272.4036,272.549,257.932,1.628982,0.779708,-2.301982,-0.1141894,0.116758,0.6736934,0.7207396,273.8185,12.52911,186.2789
2.049186,1,0,-1.64,0,0,1,0,0,180,0,1,0,-1.64,0,0,1,0,0,180,0,1.356174,0.8284671,-2.503785,0.197422,-0.00536144,0.9796767,0.03506326,355.939,157.2062,0.1918247,1.72266,0.7832674,-2.29672,0.04398831,-0.07341922,0.7026153,0.706404,272.4044,272.5723,257.9013,1.629128,0.779371,-2.301892,-0.114431,0.1166449,0.6740585,0.7203781,273.7582,12.14554,186.6727
2.060748,1,0,-1.64,0,0,1,0,0,180,0,1,0,-1.64,0,0,1,0,0,180,0,1.355753,0.8284554,-2.504142,0.1972854,-0.005661987,0.9797072,0.03493155,355.947,157.2236,0.1544428,1.722539,0.7833464,-2.29665,0.04397025,-0.07332382,0.7025895,0.7064405,272.3988,272.7156,257.7673,1.629096,0.7793819,-2.301882,-0.1144176,0.1166529,0.6740457,0.7203909,273.7602,12.17022,186.6476
2.072638,1,0,-1.64,0,0,1,0,0,180,0,1,0,-1.64,0,0,1,0,0,180,0,1.355727,0.8287175,-2.504234,0.1971858,-0.005841039,0.979725,0.03496604,355.9391,157.2358,0.134662,1.722553,0.783318,-2.296655,0.04391801,-0.07327443,0.7026262,0.7064124,272.3987,272.5947,257.8964,1.629117,0.7793891,-2.301786,-0.1146084,0.1166815,0.6740856,0.7203186,273.7506,11.98533,186.8505
2.094309,1,0,-1.64,0,0,1,0,0,180,0,1,0,-1.64,0,0,1,0,0,180,0,1.35528,0.8292932,-2.504745,0.1975936,-0.005171782,0.9796407,0.03513211,355.9356,157.1852,0.2154465,1.722699,0.7833751,-2.296722,0.04400862,-0.07326683,0.702666,0.706368,272.3897,272.4535,258.0309,1.628967,0.7797318,-2.302022,-0.1146218,0.1168227,0.6738319,0.7205309,273.7888,12.12272,186.726
2.116183,1,0,-1.64,0,0,1,0,0,180,0,1,0,-1.64,0,0,1,0,0,180,0,1.355354,0.8289541,-2.504519,0.1973959,-0.005504305,0.9796824,0.03502963,355.9395,157.2099,0.1748745,1.722534,0.783227,-2.296675,0.04396946,-0.07330498,0.7027281,0.7063047,272.3948,272.1934,258.291,1.629009,0.7795818,-2.301948,-0.1146819,0.1168514,0.6740147,0.7203458,273.7589,12.10892,186.7469
2.127469,1,0,-1.64,0,0,1,0,0,180,0,1,0,-1.64,0,0,1,0,0,180,0,1.355321,0.8290761,-2.504496,0.1973616,-0.005491089,0.9796908,0.03498974,355.9443,157.2139,0.175313,1.722495,0.783228,-2.296668,0.04400863,-0.07329123,0.7027403,0.7062916,272.3901,272.1561,258.3263,1.62899,0.7795996,-2.301943,-0.11474,0.1169221,0.6739818,0.7203558,273.7624,12.12731,186.7392
2.14006,1,0,-1.64,0,0,1,0,0,180,0,1,0,-1.64,0,0,1,0,0,180,0,1.35517,0.8295645,-2.50477,0.1974264,-0.00525548,0.9796727,0.03516443,355.9301,157.2051,0.206067,1.722533,0.783276,-2.296636,0.04397432,-0.07326283,0.7027323,0.7063047,272.3908,272.1979,258.2896,1.629316,0.7793413,-2.301936,-0.1147298,0.1168039,0.6740492,0.7203135,273.7532,11.99481,186.861
2.16045,1,0,-1.64,0,0,1,0,0,180,0,1,0,-1.64,0,0,1,0,0,180,0,1.355315,0.8290642,-2.504369,0.1973186,-0.005606617,0.9796967,0.03504743,355.9352,157.2193,0.1634439,1.722484,0.7832422,-2.296629,0.0438848,-0.07334432,0.7027401,0.7062939,272.4045,272.1227,258.3654,1.629048,0.7797685,-2.302069,-0.1146356,0.1172024,0.6738502,0.72045,273.7823,12.59333,186.2877
2.184876,1,0,-1.64,0,0,1,0,0,180,0,1,0,-1.64,0,0,1,0,0,180,0,1.355172,0.829171,-2.504495,0.1973998,-0.00530991,0.9796803,0.03509572,355.9365,157.2085,0.1982696,1.722457,0.7832087,-2.29668,0.04393259,-0.07335817,0.7027873,0.7062426,272.4008,271.9388,258.5443,1.629083,0.7798119,-2.302079,-0.1146519,0.1171495,0.6738842,0.7204242,273.777,12.51093,186.3671
2.204556,1,0,-1.64,0,0,1,0,0,180,0,1,0,-1.64,0,0,1,0,0,180,0,1.355191,0.8289145,-2.504328,0.1972253,-0.005698709,0.9797229,0.03482424,355.9582,157.2309,0.147625,1.722484,0.7831846,-2.296707,0.04391481,-0.07340922,0.7027781,0.7062475,272.4066,271.949,258.5313,1.629071,0.779748,-2.302006,-0.1143744,0.1174466,0.6738872,0.7204172,273.7791,13.21734,185.6623
2.216108,1,0,-1.64,0,0,1,0,0,180,0,1,0,-1.64,0,0,1,0,0,180,0,1.355128,0.8292526,-2.50448,0.1974064,-0.005271964,0.9796774,0.03514469,355.9319,157.2075,0.20368,1.722383,0.7831737,-2.296771,0.04394692,-0.07340544,0.7028266,0.7061977,272.4026,271.7675,258.7106,1.628985,0.7796946,-2.302057,-0.1143679,0.1175357,0.673813,0.7204731,273.7902,13.32725,185.5592
2.238526,1,0,-1.64,0,0,1,0,0,180,0,1,0,-1.64,0,0,1,0,0,180,0,1.355908,0.8284823,-2.503775,0.196603,-0.006671683,0.97986,0.03431009,355.994,157.3083,0.02391099,1.722281,0.7832274,-2.296716,0.0438345,-0.07337662,0.702731,0.7063028,272.4113,272.1388,258.3508,1.62896,0.7796775,-2.302074,-0.1144052,0.1175186,0.673778,0.7205027,273.7951,13.25624,185.6319
2.260374,1,0,-1.64,0,0,1,0,0,180,0,1,0,-1.64,0,0,1,0,0,180,0,1.355355,0.8287557,-2.504328,0.1967794,-0.006475346,0.9798285,0.03423728,356.0066,157.2871,0.04508225,1.722474,0.7832328,-2.296718,0.04390747,-0.07340448,0.7028215,0.7062052,272.406,271.7848,258.6966,1.62914,0.7794002,-2.302108,-0.1144103,0.117422,0.6737522,0.7205417,273.7998,13.12324,185.7574
2.282067,1,0,-1.64,0,0,1,0,0,180,0,1,0,-1.64,0,0,1,0,0,180,0,1.355112,0.8282999,-2.504334,0.1965709,-0.00731827,0.9798853,0.03363158,356.0557,157.3156,359.9357,1.722466,0.7832356,-2.296749,0.04390275,-0.07339735,0.7028134,0.7062143,272.4057,271.8186,258.6637,1.628904,0.7794323,-2.301798,-0.1144942,0.1173012,0.6737791,0.720523,273.795,12.87525,186.0023
2.30431,1,0,-1.64,0,0,1,0,0,180,0,1,0,-1.64,0,0,1,0,0,180,0,1.352167,0.827431,-2.506338,0.1970726,-0.007074559,0.9797656,0.034232,355.9937,157.255,359.9787,1.722581,0.7833056,-2.296703,0.04391767,-0.07341927,0.7028287,0.706196,272.4061,271.7511,258.7282,1.629355,0.7794359,-2.302233,-0.1144353,0.1172709,0.6738093,0.7205089,273.7916,12.90983,185.9604
2.327147,1,0,-1.64,0,0,1,0,0,180,0,1,0,-1.64,0,0,1,0,0,180,0,1.352765,0.8277493,-2.505449,0.1968511,-0.007270671,0.9798181,0.03395953,356.0199,157.2821,359.9496,1.722578,0.7833185,-2.296668,0.04391292,-0.07343003,0.7028393,0.7061846,272.4073,271.7054,258.7734,1.628738,0.7796386,-2.301832,-0.1146745,0.1174221,0.6736971,0.7205512,273.8037,12.80726,186.0951
2.349391,1,0,-1.64,0,0,1,0,0,180,0,1,0,-1.64,0,0,1,0,0,180,0,1.353078,0.8279573,-2.505239,0.1967118,-0.0074792,0.9798481,0.03385726,356.0266,157.2993,359.9232,1.722601,0.7832877,-2.296658,0.04385113,-0.07338679,0.702916,0.7061166,272.4072,271.4283,259.0591,1.629056,0.7796779,-2.302145,-0.1145499,0.1175562,0.6736795,0.7205657,273.8076,13.12033,185.7829
2.361937,1,0,-1.64,0,0,1,0,0,180,0,1,0,-1.64,0,0,1,0,0,180,0,1.353447,0.8286761,-2.505092,0.1969157,-0.007031937,0.9798064,0.03397217,356.0238,157.2736,359.977,1.722573,0.7832289,-2.296559,0.04383415,-0.07333397,0.7028521,0.7061867,272.4057,271.6956,258.7975,1.628943,0.7796665,-2.301772,-0.114626,0.1177077,0.6737265,0.7204848,273.7977,13.23175,185.6901
2.382697,1,0,-1.64,0,0,1,0,0,180,0,1,0,-1.64,0,0,1,0,0,180,0,1.35363,0.8285629,-2.504896,0.1968129,-0.007225107,0.9798282,0.0338992,356.0277,157.2865,359.9532,1.722565,0.7831258,-2.29661,0.04376899,-0.07333916,0.7029321,0.7061106,272.41,271.3842,259.1137,1.62922,0.7795353,-2.302098,-0.1146379,0.1174828,0.6735504,0.7206843,273.8269,12.90631,185.9982
2.40483,1,0,-1.64,0,0,1,0,0,180,0,1,0,-1.64,0,0,1,0,0,180,0,1.353891,0.8283993,-2.504787,0.1966844,-0.007387843,0.9798546,0.0338481,356.0298,157.3022,359.9332,1.722581,0.783111,-2.296713,0.0437026,-0.07338016,0.7029013,0.7061411,272.4192,271.48,259.0199,1.628894,0.7795163,-2.301859,-0.1147408,0.1176319,0.6736302,0.720569,273.8113,12.98709,185.938
2.426909,1,0,-1.64,0,0,1,0,0,180,0,1,0,-1.64,0,0,1,0,0,180,0,1.354133,0.8288954,-2.504859,0.1968099,-0.006861506,0.9798275,0.03401405,356.023,157.2853,-0.003307265,1.722545,0.7833221,-2.296694,0.04373882,-0.07338986,0.7028702,0.7061688,272.4176,271.5959,258.9003,1.629292,0.7795845,-2.302018,-0.1146373,0.1173867,0.6735557,0.7206951,273.8268,12.78627,186.1103
2.448893,1,0,-1.64,0,0,1,0,0,180,0,1,0,-1.64,0,0,1,0,0,180,0,1.35394,0.8289148,-2.505055,0.1970104,-0.006589953,0.9797823,0.03420919,356.0072,157.2605,0.03249051,1.722467,0.7832442,-2.296748,0.04372624,-0.07346472,0.7029237,0.7061085,272.4236,271.3583,259.1329,1.629346,0.7794788,-2.302274,-0.1146514,0.1173675,0.6734062,0.7208356,273.8502,12.72567,186.1706
2.47149,1,0,-1.64,0,0,1,0,0,180,0,1,0,-1.64,0,0,1,0,0,180,0,1.354355,0.8289655,-2.504504,0.1968881,-0.00668207,0.9798089,0.0341304,356.0139,157.2753,0.01984017,1.722617,0.7833757,-2.296633,0.04367091,-0.07343658,0.7029259,0.7061127,272.4258,271.3601,259.1378,1.629271,0.7795966,-2.301881,-0.1147493,0.1172129,0.673536,0.720724,273.8295,12.43432,186.4572
2.494608,1,0,-1.64,0,0,1,0,0,180,0,1,0,-1.64,0,0,1,0,0,180,0,1.35456,0.8289397,-2.504598,0.1970806,-0.006409446,0.9797643,0.03435279,355.9951,157.2514,0.05634734,1.722557,0.7833583,-2.296706,0.04366817,-0.07347512,0.7029681,0.7060668,272.4284,271.1825,259.3125,1.629199,0.7795382,-2.302076,-0.1146956,0.1170119,0.6735046,0.7207945,273.8372,12.2394,186.6312
2.515307,1,0,-1.64,0,0,1,0,0,180,0,1,0,-1.64,0,0,1,0,0,180,0,1.355205,0.8287637,-2.504165,0.1967455,-0.006407136,0.9798349,0.03425969,356.0056,157.2908,0.05312808,1.722468,0.7832267,-2.296639,0.04366318,-0.07348803,0.7029824,0.7060515,272.4293,271.1225,259.3719,1.62889,0.7797961,-2.301907,-0.1147022,0.1171147,0.673471,0.7208083,273.8412,12.35732,186.5223
2.526949,1,0,-1.64,0,0,1,0,0,180,0,1,0,-1.64,0,0,1,0,0,180,0,1.355307,0.8288434,-2.504166,0.1967803,-0.006395143,0.9798297,0.03420981,356.0115,157.2867,0.05349068,1.722517,0.7832795,-2.296568,0.04363099,-0.07338196,0.7029684,0.7060785,272.4241,271.2206,259.285,1.628853,0.7800216,-2.302046,-0.1144256,0.1170746,0.6733514,0.7209703,273.8652,12.61094,186.2428
2.549136,1,0,-1.64,0,0,1,0,0,180,0,1,0,-1.64,0,0,1,0,0,180,0,1.355164,0.8288667,-2.504435,0.1966787,-0.006583974,0.9798529,0.03409509,356.0201,157.2995,0.02922872,1.722518,0.7832732,-2.296603,0.04368951,-0.07339262,0.7029792,0.706063,272.4199,271.1773,259.3227,1.62905,0.7797636,-2.302079,-0.1144859,0.1169889,0.6733296,0.7209951,273.8682,12.43171,186.42
2.570894,1,0,-1.64,0,0,1,0,0,180,0,1,0,-1.64,0,0,1,0,0,180,0,1.354826,0.8291435,-2.504769,0.1968728,-0.006261224,0.9798064,0.03437021,355.9965,157.2751,0.07257258,1.72265,0.783175,-2.29661,0.04355232,-0.07344653,0.7029536,0.7060913,272.4357,271.2452,259.2615,1.62895,0.7794619,-2.301653,-0.1145437,0.1172319,0.6732842,0.7209888,273.8723,12.66353,186.2129
2.593153,1,0,-1.64,0,0,1,0,0,180,0,1,0,-1.64,0,0,1,0,0,180,0,1.355217,0.8288906,-2.504476,0.1967307,-0.006456928,0.9798363,0.0342951,356.0005,157.2926,0.04826504,1.722477,0.7832171,-2.296767,0.04364889,-0.07350665,0.7029915,0.7060415,272.432,271.0795,259.4145,1.628988,0.7791911,-2.302023,-0.1148371,0.117032,0.6735859,0.7206928,273.8218,12.10957,186.7742
2.615438,1,0,-1.64,0,0,1,0,0,180,0,1,0,-1.64,0,0,1,0,0,180,0,1.355323,0.8285135,-2.504367,0.1966537,-0.006889184,0.9798615,0.03393138,356.0316,157.3038,359.9911,1.722635,0.7834313,-2.29664,0.04365677,-0.07337698,0.7029703,0.7060755,272.4216,271.2166,259.2873,1.629148,0.7795359,-2.302166,-0.1147792,0.1168652,0.6734374,0.7208678,273.8477,11.95099,186.9145
2.64203,1,0,-1.64,0,0,1,0,0,180,0,1,0,-1.64,0,0,1,0,0,180,0,1.352391,0.8274974,-2.505913,0.1968812,-0.006624541,0.9797981,0.03448947,355.9749,157.2753,0.03441855,1.722691,0.7834094,-2.296567,0.04366779,-0.0734646,0.7029986,0.7060375,272.4271,271.0713,259.4247,1.62914,0.779637,-2.301786,-0.1149526,0.117091,0.6733139,0.7209189,273.862,12.02123,186.8771
2.659846,1,0,-1.64,0,0,1,0,0,180,0,1,0,-1.64,0,0,1,0,0,180,0,1.352911,0.8280994,-2.505564,0.1969486,-0.006240781,0.9797787,0.03472779,355.9568,157.2656,0.08328691,1.722521,0.7832581,-2.296658,0.04372291,-0.07348334,0.7029682,0.7060624,272.4246,271.1807,259.3092,1.629127,0.779447,-2.301842,-0.1149227,0.117096,0.6735343,0.7207169,273.8279,12.08533,186.8108
2.681909,1,0,-1.64,0,0,1,0,0,180,0,1,0,-1.64,0,0,1,0,0,180,0,1.354121,0.8279638,-2.504534,0.196531,-0.007055363,0.9798809,0.03404919,356.0146,157.3186,359.9745,1.722514,0.7832502,-2.2967,0.04374766,-0.07344446,0.7029114,0.7061216,272.4205,271.4152,259.0759,1.629142,0.7793838,-2.301845,-0.1148964,0.1171084,0.6736372,0.7206229,273.8121,12.14288,186.752
2.704234,1,0,-1.64,0,0,1,0,0,180,0,1,0,-1.64,0,0,1,0,0,180,0,1.354213,0.8281635,-2.50464,0.1963784,-0.007169462,0.9799178,0.03384328,356.0352,157.3372,359.9564,1.722676,0.7832337,-2.296647,0.04375639,-0.07345509,0.7029409,0.7060905,272.4202,271.2983,259.1912,1.629017,0.7798913,-2.302016,-0.1146819,0.1173909,0.673618,0.720629,273.8163,12.74831,186.1522
2.726284,1,0,-1.64,0,0,1,0,0,180,0,1,0,-1.64,0,0,1,0,0,180,0,1.354045,0.8287764,-2.504935,0.1964627,-0.006848426,0.9798959,0.0340503,356.0192,157.3259,-0.002427104,1.722579,0.7833025,-2.296624,0.04371925,-0.07337613,0.7029624,0.7060797,272.4164,271.2498,259.2491,1.628733,0.7796992,-2.301711,-0.1148057,0.1174462,0.6735517,0.7206623,273.824,12.66573,186.2495
2.742128,1,0,-1.64,0,0,1,0,0,180,0,1,0,-1.64,0,0,1,0,0,180,0,1.354103,0.8285768,-2.504777,0.1963454,-0.007075956,0.97992,0.03398959,356.0209,157.3405,359.9701,1.722596,0.7832836,-2.296603,0.04368105,-0.07336863,0.7029532,0.706092,272.4191,271.2867,259.2159,1.628704,0.7797068,-2.301684,-0.1147592,0.1175099,0.6735728,0.7206396,273.821,12.80295,186.1137
